"","Index","Date","Time","Latitude","Longitude","Altitude","Speed","Course","Distance","Type","Timeout","MSVs_QCN","Weight.Criteria","SleepTime","EHPE","Satelite.ID","Satelite"
"1",479," 2017/12/12"," 00:51:58",43.600456,-116.204895,831.190002,288,271,13.43226," 00(00000001)",36," C8"," 3C",0,1152,39878916,"  ------X- -XX----- X------X -----X--"
"2",480," 2017/12/12"," 00:59:52",43.600246,-116.204964,829.019958,0,295,23.975876," 00(00000001)",9," C9"," 3C",0,720,39878916,"  ------X- -XX----- X------X -----X--"
"3",481," 2017/12/12"," 12:55:34",43.611206,-116.205803,839.98999,42732,33,1220.526665," 00(00000001)",32," C9"," 3C",0,1600,1124597778,"  -X----XX ----X--- -------- ---X--X-"
"4",482," 2017/12/12"," 13:02:28",43.628948,-116.215775,826.539978,0,109,2129.882335," 00(00000001)",18," C8"," 3C",0,912,1124597778,"  -X----XX ----X--- -------- ---X--X-"
"5",483," 2017/12/12"," 13:09:16",43.618694,-116.211655,812.409973,0,344,1187.42851," 00(00000001)",9," C9"," 3C",0,896,1124597778,"  -X----XX ----X--- -------- ---X--X-"
"6",484," 2017/12/12"," 13:14:06",43.618591,-116.211403,832.519958,0,133,23.27936," 00(00000001)",9," C9"," 3C",0,1280,50855954,"  ------XX ----X--- -------- ---X--X-"
"7",485," 2017/12/12"," 13:59:39",43.617321,-116.252769,826.019958,105912,250,3333.012132," 00(00000001)",27," C8"," 3C",0,3024,50855954,"  ------XX ----X--- -------- ---X--X-"
"8",486," 2017/12/12"," 14:04:56",43.595215,-116.359001,800.279968,105732,249,8899.536203," 00(00000001)",18," CA"," 3C",0,1712,50855954,"  ------XX ----X--- -------- ---X--X-"
"9",487," 2017/12/12"," 14:11:32",43.599678,-116.506966,762.22998,107352,268,11925.561711," 00(00000001)",60," CA"," 3A",0,3728,319426576,"  ---X--XX ----X-X- ---X---- ---X----"
"10",488," 2017/12/12"," 14:20:05",43.604988,-116.630272,742.829956,74268,267,9946.298948," 00(00000001)",9," C8"," 3C",0,960,319426576,"  ---X--XX ----X-X- ---X---- ---X----"
"11",489," 2017/12/12"," 14:25:15",43.604031,-116.712585,767.839966,38232,270,6628.592841," 00(00000001)",21," C6"," 3C",0,896,319426576,"  ---X--XX ----X-X- ---X---- ---X----"
"12",490," 2017/12/12"," 14:31:50",43.5588,-116.791924,723.880005,77868,178,8132.354597," 00(00000001)",16," C7"," 3C",0,1296,319426576,"  ---X--XX ----X-X- ---X---- ---X----"
"13",491," 2017/12/12"," 14:38:23",43.54591,-116.851219,703.440002,468,98,4988.840869," 00(00000001)",12," C8"," 3C",0,992,319426576,"  ---X--XX ----X-X- ---X---- ---X----"
"14",492," 2017/12/12"," 14:43:26",43.539352,-116.851616,717.570007,82080,177,729.857617," 00(00000001)",11," C9"," 3C",0,800,302649360,"  ---X--X- ----X-X- ---X---- ---X----"
"15",493," 2017/12/12"," 14:48:33",43.458088,-116.864693,844.309998,108324,149,9097.55136," 00(00000001)",14," C8"," 3C",0,944,302649360,"  ---X--X- ----X-X- ---X---- ---X----"
"16",494," 2017/12/12"," 14:53:46",43.394844,-116.891502,1165.01001,104508,217,7358.12703," 00(00000001)",21," C5"," 3C",0,1712,302649360,"  ---X--X- ----X-X- ---X---- ---X----"
"17",495," 2017/12/12"," 14:59:37",43.326363,-116.967422,1311.77002,108792,215,9780.394143," 00(00000001)",21," C7"," 3C",0,976,302518288,"  ---X--X- ----X--- ---X---- ---X----"
"18",496," 2017/12/12"," 15:05:09",43.339836,-117.006859,1215.01001,67284,242,3523.964269," 00(00000001)",21," C4"," 3C",0,1200,302649360,"  ---X--X- ----X-X- ---X---- ---X----"
"19",497," 2017/12/12"," 15:11:01",43.332676,-117.07872,1155.039917,56988,254,5866.159077," 00(00000001)",21," C7"," 3C",0,1200,302649360,"  ---X--X- ----X-X- ---X---- ---X----"
"20",498," 2017/12/12"," 15:17:12",43.326267,-117.104851,1163.02002,2952,170,2230.48926," 00(00000001)",21," C1"," 3C",0,2304,302649360,"  ---X--X- ----X-X- ---X---- ---X----"
"21",499," 2017/12/12"," 15:23:04",43.326237,-117.105034,1170.549927,2880,357,15.195101," -1(00000005)",26," C5"," 3C",0,2720,302649344,"  ---X--X- ----X-X- ---X---- --------"
"22",500," 2017/12/12"," 15:29:57",43.326397,-117.10482,1157.429932,2520,150,24.818965," 00(00000001)",23," C6"," 32",0,2544,302125056,"  ---X--X- ------X- ---X---- --------"
"23",501," 2017/12/12"," 15:37:31",43.32634,-117.104965,1192.76001,3456,229,13.340663," 00(00000001)",42," C5"," 34",0,2944,302518272,"  ---X--X- ----X--- ---X---- --------"
"24",502," 2017/12/12"," 15:46:49",43.326267,-117.104858,1254.839966,540,234,11.815301," 00(00000001)",53," C5"," 34",0,2816,302125568,"  ---X--X- ------X- ---X--X- --------"
"25",503," 2017/12/12"," 15:58:06",43.326313,-117.105034,1135.199951,0,123,15.079268," 00(00000001)",21," B6"," 3C",0,1504,302125568,"  ---X--X- ------X- ---X--X- --------"
"26",504," 2017/12/12"," 16:08:36",43.326283,-117.104988,1140.679932,0,140,5.022563," 00(00000001)",31," C9"," 3C",0,1648,335696384,"  ---X-X-- ------X- -X-X--X- --------"
"27",505," 2017/12/12"," 16:18:30",43.326294,-117.104942,1177.880005,1620,152,3.915393," 00(00000001)",32," B8"," 32",0,2368,335548928,"  ---X-X-- -------- ---X--X- --------"
"28",506," 2017/12/12"," 16:29:41",43.326298,-117.104874,1161.689941,0,14,5.570424," 00(00000001)",16," B5"," 3C",0,896,335598208,"  ---X-X-- -------- XX-X--X- X-------"
"29",507," 2017/12/12"," 16:41:09",43.317924,-117.113754,1171.459961,8856,10,1176.000723," 00(00000001)",12," B8"," 3C",0,1024,67293824,"  -----X-- ------X- XX-X--X- X-------"
"30",508," 2017/12/12"," 16:46:20",43.317898,-117.113663,1173,0,288,7.979683," 00(00000001)",10," B8"," 3C",0,1264,67293824,"  -----X-- ------X- XX-X--X- X-------"
"31",509," 2017/12/12"," 16:53:54",43.332733,-117.11171,1163.549927,14040,77,1657.164897," 00(00000001)",18," B9"," 3C",0,1632,67293824,"  -----X-- ------X- XX-X--X- X-------"
"32",510," 2017/12/12"," 17:00:07",43.331413,-117.11013,1140.079956,0,0,194.566738," 00(00000001)",18," B9"," 3C",0,1600,67289728,"  -----X-- ------X- XX----X- X-------"
"33",511," 2017/12/12"," 17:18:40",43.331665,-117.110046,1136.160034,0,157,28.806716," 00(00000001)",21," B7"," 3C",0,1872,67256960,"  -----X-- ------X- -X----X- X-------"
"34",512," 2017/12/12"," 17:24:26",43.331657,-117.110016,1141.5,0,299,2.610055," 00(00000001)",21," B7"," 3C",0,1856,67256960,"  -----X-- ------X- -X----X- X-------"
"35",513," 2017/12/12"," 17:30:28",43.331738,-117.110062,1146.890015,0,167,9.646513," 00(00000001)",21," A7"," 3C",0,3072,67256960,"  -----X-- ------X- -X----X- X-------"
"36",514," 2017/12/12"," 17:36:09",43.331738,-117.110107,1147.819946,0,90,3.702502," 00(00000001)",19," A7"," 3C",0,2256,67256960,"  -----X-- ------X- -X----X- X-------"
"37",515," 2017/12/12"," 17:41:53",43.332047,-117.111839,1160.25,5184,286,144.229765," 00(00000001)",21," A8"," 3C",0,2992,67256960,"  -----X-- ------X- -X----X- X-------"
"38",516," 2017/12/12"," 17:47:54",43.335148,-117.112144,1150.289917,2844,21,345.736448," 00(00000001)",21," A8"," 3C",0,2192,67256960,"  -----X-- ------X- -X----X- X-------"
"39",517," 2017/12/12"," 17:54:05",43.337177,-117.112823,1150.169922,0,192,232.24716," 00(00000001)",18," A7"," 3C",0,752,67256960,"  -----X-- ------X- -X----X- X-------"
"40",518," 2017/12/12"," 18:00:08",43.337193,-117.112839,1141.319946,1332,202,2.09802," 00(00000001)",27," B8"," 34",0,2976,67125888,"  -----X-- -------- -X----X- X-------"
"41",519," 2017/12/12"," 18:07:58",43.337296,-117.11274,1141.380005,792,320,13.982386," 00(00000001)",100," B7"," 34",0,2832,-2080374144,"  X----X-- -------- ------X- X-------"
"42",520," 2017/12/12"," 18:20:22",43.336155,-117.111702,1157.119995,2700,258,152.076948," 00(00000001)",21," A7"," 3C",0,1792,-2080373120,"  X----X-- -------- -----XX- X-------"
"43",521," 2017/12/12"," 18:32:45",43.336163,-117.111717,1164.380005,0,67,1.497546," 00(00000001)",21," B7"," 3C",0,1792,-2080373120,"  X----X-- -------- -----XX- X-------"
"44",522," 2017/12/12"," 18:42:12",43.336842,-117.112099,1148.689941,2592,343,81.563204," 00(00000001)",20," B9"," 3C",0,1904,-2080373120,"  X----X-- -------- -----XX- X-------"
"45",523," 2017/12/12"," 18:51:21",43.338337,-117.113152,1147.910034,2628,333,186.810906," 00(00000001)",21," BA"," 3C",0,2256,-2080373120,"  X----X-- -------- -----XX- X-------"
"46",524," 2017/12/12"," 18:59:01",43.339291,-117.113747,1141.719971,0,322,116.45375," 00(00000001)",21," B6"," 3C",0,1648,-2080373120,"  X----X-- -------- -----XX- X-------"
"47",525," 2017/12/12"," 19:06:56",43.336914,-117.113129,1150.97998,3276,147,268.945603," 00(00000001)",17," BB"," 3C",0,800,-2080373120,"  X----X-- -------- -----XX- X-------"
"48",526," 2017/12/12"," 19:14:36",43.335873,-117.112198,1152.880005,3024,154,138.117446," 00(00000001)",21," BA"," 3C",0,1120,-2080373120,"  X----X-- -------- -----XX- X-------"
"49",527," 2017/12/12"," 19:22:00",43.334259,-117.112503,1152.339966,3312,163,181.115699," 00(00000001)",21," BA"," 3C",0,1056,-2080373120,"  X----X-- -------- -----XX- X-------"
"50",528," 2017/12/12"," 19:28:13",43.332378,-117.112808,1157.719971,0,31,210.569906," 00(00000001)",20," BA"," 3C",0,1072,-2080373120,"  X----X-- -------- -----XX- X-------"
"51",529," 2017/12/12"," 19:34:25",43.329895,-117.112808,1162.829956,3240,184,276.137914," 00(00000001)",21," BA"," 3C",0,688,-2080373120,"  X----X-- -------- -----XX- X-------"
"52",530," 2017/12/12"," 19:40:37",43.327496,-117.112549,1163.51001,0,201,267.629811," 00(00000001)",20," B8"," 3C",0,1424,-2080373120,"  X----X-- -------- -----XX- X-------"
"53",531," 2017/12/12"," 19:46:52",43.326874,-117.112289,1150.429932,540,275,72.254229," 00(00000001)",24," B9"," 34",0,2880,-2147481984,"  X------- -------- -----XX- X-------"
"54",532," 2017/12/12"," 19:53:31",43.325634,-117.112389,1152.76001,828,179,138.090122," 00(00000001)",30," B8"," 3C",0,2464,-2145376639,"  X------- --X----- --X--XX- X------X"
"55",533," 2017/12/12"," 20:00:36",43.32476,-117.112679,1154.709961,2664,192,99.926967," 00(00000001)",20," B8"," 3C",0,1008,-2145377151,"  X------- --X----- --X--X-- X------X"
"56",534," 2017/12/12"," 20:07:41",43.322525,-117.113876,1158.109985,3132,226,266.784508," 00(00000001)",21," B9"," 3C",0,1552,-2145377151,"  X------- --X----- --X--X-- X------X"
"57",535," 2017/12/12"," 20:14:28",43.319496,-117.115372,1166.280029,4500,168,357.86102," 00(00000001)",21," BA"," 3C",0,1152,-2145377151,"  X------- --X----- --X--X-- X------X"
"58",536," 2017/12/12"," 20:21:13",43.317535,-117.114952,1172.069946,324,154,220.652915," 00(00000001)",21," B9"," 3C",0,2160,-2145377151,"  X------- --X----- --X--X-- X------X"
"59",537," 2017/12/12"," 20:27:52",43.3176,-117.113876,1152.359985,0,114,87.327317," 00(00000001)",32," BA"," 3C",0,2800,-2145377279,"  X------- --X----- --X--X-- -------X"
"60",538," 2017/12/12"," 20:35:12",43.317673,-117.115425,1164.089966,0,128,125.555983," 00(00000001)",21," B9"," 3C",0,4304,-2145377279,"  X------- --X----- --X--X-- -------X"
"61",539," 2017/12/12"," 20:42:32",43.317741,-117.115372,1181.439941,0,180,8.772853," 00(00000001)",21," AA"," 3C",0,2528,-2145377279,"  X------- --X----- --X--X-- -------X"
"62",540," 2017/12/12"," 20:49:18",43.317299,-117.114212,1149.22998,0,344,105.938684," 00(00000001)",20," B8"," 3C",0,2208,-2145377279,"  X------- --X----- --X--X-- -------X"
"63",541," 2017/12/12"," 20:56:03",43.317936,-117.115845,1156.030029,0,164,149.882554," 00(00000001)",21," B7"," 3C",0,3408,-2145377279,"  X------- --X----- --X--X-- -------X"
"64",542," 2017/12/12"," 21:02:32",43.317959,-117.115768,1173.949951,216,357,6.676361," 00(00000001)",21," B9"," 3C",0,2112,-1054858240,"  XX-----X --X----- --X--X-- --------"
"65",543," 2017/12/12"," 21:08:51",43.318523,-117.115326,1161.25,2988,7,72.267688," 00(00000001)",8," BA"," 3C",0,1504,-1054858239,"  XX-----X --X----- --X--X-- -------X"
"66",544," 2017/12/12"," 21:13:47",43.320221,-117.115128,1163.209961,0,344,189.438784," 00(00000001)",15," BB"," 3C",0,1376,-1054858239,"  XX-----X --X----- --X--X-- -------X"
"67",545," 2017/12/12"," 21:18:39",43.320721,-117.115112,1161.880005,2844,345,55.580632," 00(00000001)",11," BB"," 3C",0,1120,-1054858239,"  XX-----X --X----- --X--X-- -------X"
"68",546," 2017/12/12"," 21:23:38",43.321907,-117.114525,1159.609985,0,340,140.21755," 00(00000001)",17," B8"," 3C",0,1456,-1054858239,"  XX-----X --X----- --X--X-- -------X"
"69",547," 2017/12/12"," 21:28:36",43.323322,-117.113258,1156.959961,3096,14,187.779761," 00(00000001)",17," B9"," 3C",0,1680,-1054858239,"  XX-----X --X----- --X--X-- -------X"
"70",548," 2017/12/12"," 21:33:29",43.325089,-117.11274,1158.219971,2340,24,200.826883," 00(00000001)",12," B8"," 3C",0,1248,-1054858239,"  XX-----X --X----- --X--X-- -------X"
"71",549," 2017/12/12"," 21:38:30",43.327106,-117.112312,1159.849976,3024,8,227.034391," 00(00000001)",19," B9"," 3C",0,2176,-1054858239,"  XX-----X --X----- --X--X-- -------X"
"72",550," 2017/12/12"," 21:43:25",43.328064,-117.112427,1158.059937,0,211,106.869584," 00(00000001)",13," B8"," 3C",0,1680,-1054858239,"  XX-----X --X----- --X--X-- -------X"
"73",551," 2017/12/12"," 21:48:17",43.329136,-117.112831,1172.299927,3096,0,123.599222," 00(00000001)",12," B7"," 3C",0,1776,-1054858239,"  XX-----X --X----- --X--X-- -------X"
"74",552," 2017/12/12"," 21:53:09",43.330719,-117.112991,1170.969971,2556,200,176.508985," 00(00000001)",11," B8"," 3C",0,2256,-1054858239,"  XX-----X --X----- --X--X-- -------X"
"75",553," 2017/12/12"," 21:58:00",43.330681,-117.112907,1163.130005,0,329,8.004366," 00(00000001)",10," A7"," 3C",0,1968,-1054858239,"  XX-----X --X----- --X--X-- -------X"
"76",554," 2017/12/12"," 22:03:20",43.330765,-117.112968,1166.119995,360,322,10.557222," 00(00000001)",38," A8"," 3C",0,1552,-1019206651,"  XX----XX -X------ --X--X-- -----X-X"
"77",555," 2017/12/12"," 22:08:49",43.330795,-117.112991,1155.969971,0,227,3.86554," 00(00000001)",11," B8"," 3C",0,432,-1019206651,"  XX----XX -X------ --X--X-- -----X-X"
"78",556," 2017/12/12"," 22:13:41",43.330822,-117.112953,1157.22998,0,141,4.282101," 00(00000001)",10," B9"," 3C",0,912,-1019206651,"  XX----XX -X------ --X--X-- -----X-X"
"79",557," 2017/12/12"," 22:18:31",43.330811,-117.112999,1173.140015,0,121,3.915131," 00(00000001)",9," B9"," 3C",0,960,-1019206651,"  XX----XX -X------ --X--X-- -----X-X"
"80",558," 2017/12/12"," 22:23:22",43.330788,-117.11293,1165.949951,0,283,6.109206," 00(00000001)",9," B9"," 3C",0,512,-1019206651,"  XX----XX -X------ --X--X-- -----X-X"
"81",559," 2017/12/12"," 22:28:13",43.330593,-117.112907,1160.349976,0,96,21.711993," 00(00000001)",10," B8"," 3C",0,1040,-1019206651,"  XX----XX -X------ --X--X-- -----X-X"
"82",560," 2017/12/12"," 22:33:03",43.32925,-117.112923,1165.839966,2700,171,149.314695," 00(00000001)",8," BB"," 3C",0,832,-1019206651,"  XX----XX -X------ --X--X-- -----X-X"
"83",561," 2017/12/12"," 22:37:54",43.328072,-117.112297,1169.140015,0,61,140.499357," 00(00000001)",9," BA"," 3C",0,848,-1019207675,"  XX----XX -X------ --X----- -----X-X"
"84",562," 2017/12/12"," 22:42:46",43.327858,-117.112228,1163.079956,0,55,24.394486," 00(00000001)",10," BA"," 3C",0,1184,-1035984891,"  XX----X- -X------ --X----- -----X-X"
"85",563," 2017/12/12"," 22:47:48",43.32798,-117.112259,1174.619995,0,160,13.796233," 00(00000001)",20," BB"," 3C",0,768,-1035984891,"  XX----X- -X------ --X----- -----X-X"
"86",564," 2017/12/12"," 22:52:50",43.328037,-117.112228,1162.329956,0,325,6.824692," 00(00000001)",21," BA"," 3C",0,1232,1111498757,"  -X----X- -X------ --X----- -----X-X"
"87",565," 2017/12/12"," 22:57:52",43.328011,-117.112267,1167.22998,0,353,4.282203," 00(00000001)",20," BA"," 3C",0,1040,1111498757,"  -X----X- -X------ --X----- -----X-X"
"88",566," 2017/12/12"," 23:02:51",43.328018,-117.112213,1195.880005,0,53,4.402363," 00(00000001)",17," A9"," 3C",0,848,1111498757,"  -X----X- -X------ --X----- -----X-X"
"89",567," 2017/12/12"," 23:07:54",43.328014,-117.112221,1156.189941,0,236,0.748841," 00(00000001)",20," A8"," 3C",0,1184,1111498757,"  -X----X- -X------ --X----- -----X-X"
"90",568," 2017/12/12"," 23:13:14",43.328056,-117.112259,1153.569946,0,155,5.593909," 00(00000001)",20," A8"," 3C",0,896,1111498757,"  -X----X- -X------ --X----- -----X-X"
"91",569," 2017/12/12"," 23:18:42",43.32798,-117.112282,1153.189941,0,0,8.683163," 00(00000001)",10," B7"," 3C",0,784,1111498757,"  -X----X- -X------ --X----- -----X-X"
"92",570," 2017/12/12"," 23:23:32",43.327961,-117.112167,1177.919922,0,156,9.496683," 00(00000001)",9," B6"," 3C",0,784,1111498757,"  -X----X- -X------ --X----- -----X-X"
"93",571," 2017/12/12"," 23:28:29",43.327732,-117.112358,1154.76001,0,129,29.761611," 00(00000001)",14," B8"," 3C",0,1024,1111498757,"  -X----X- -X------ --X----- -----X-X"
"94",572," 2017/12/12"," 23:33:25",43.326988,-117.112335,1159.849976,0,231,82.734839," 00(00000001)",15," B9"," 3C",0,1232,1111498757,"  -X----X- -X------ --X----- -----X-X"
"95",573," 2017/12/12"," 23:38:27",43.326496,-117.11277,1161.929932,0,42,65.050131," 00(00000001)",20," B7"," 3C",0,1280,1111498756,"  -X----X- -X------ --X----- -----X--"
"96",574," 2017/12/12"," 23:43:29",43.326328,-117.11274,1176.640015,0,310,18.826243," 00(00000001)",21," B7"," 3C",0,1616,1111498756,"  -X----X- -X------ --X----- -----X--"
"97",575," 2017/12/12"," 23:48:53",43.325768,-117.112717,1154.809937,1188,205,62.381203," 00(00000001)",24," B7"," 32",0,2432,1111490564,"  -X----X- -X------ -------- -----X--"
"98",576," 2017/12/12"," 23:54:37",43.325478,-117.112816,1169.059937,1008,165,33.22063," 00(00000001)",29," C7"," 32",0,2288,1111490564,"  -X----X- -X------ -------- -----X--"
"99",577," 2017/12/13"," 00:01:16",43.325577,-117.113007,1167.079956,504,233,18.965039," 00(00000001)",30," C6"," 38",0,2736,1111490564,"  -X----X- -X------ -------- -----X--"
"100",578," 2017/12/13"," 00:08:43",43.325638,-117.113091,1163.219971,1080,289,9.599261," 00(00000001)",26," A7"," 38",0,2608,1111490564,"  -X----X- -X------ -------- -----X--"
"101",579," 2017/12/13"," 00:16:34",43.325562,-117.113045,1185.880005,900,203,9.256406," 00(00000001)",33," A7"," 36",0,2256,1111490564,"  -X----X- -X------ -------- -----X--"
"102",580," 2017/12/13"," 00:25:09",43.326092,-117.112976,1166.299927,1980,16,59.221363," 00(00000001)",42," B9"," 32",0,3312,1111490564,"  -X----X- -X------ -------- -----X--"
"103",581," 2017/12/13"," 00:35:05",43.329979,-117.112808,1162.51001,0,346,432.447479," 00(00000001)",52," CA"," 40",0,2016,37748836,"  ------X- -X------ -------- -XX--X--"
"104",582," 2017/12/13"," 00:46:12",43.331219,-117.112854,1164.429932,2628,349,137.906582," 00(00000001)",19," B9"," 3C",0,1296,37748836,"  ------X- -X------ -------- -XX--X--"
"105",583," 2017/12/13"," 00:56:05",43.332432,-117.112717,1156.97998,2592,15,135.344202," 00(00000001)",17," CA"," 3C",0,1264,37748836,"  ------X- -X------ -------- -XX--X--"
"106",584," 2017/12/13"," 01:04:35",43.336037,-117.111732,1157.429932,0,334,408.672538," 00(00000001)",21," CA"," 3C",0,1600,37748836,"  ------X- -X------ -------- -XX--X--"
"107",585," 2017/12/13"," 01:12:34",43.336071,-117.111649,1171.059937,0,312,7.787373," 00(00000001)",26," C7"," 3C",0,2240,104857796,"  -----XX- -X------ -------- XX---X--"
"108",586," 2017/12/13"," 01:20:14",43.336147,-117.111748,1150.900024,0,166,11.675375," 00(00000001)",21," C9"," 3C",0,992,104857796,"  -----XX- -X------ -------- XX---X--"
"109",587," 2017/12/13"," 01:27:48",43.336124,-117.111732,1155.280029,0,104,2.828467," 00(00000001)",14," A8"," 3C",0,912,104857796,"  -----XX- -X------ -------- XX---X--"
"110",588," 2017/12/13"," 01:32:39",43.336143,-117.111725,1155.929932,0,4,2.208811," 00(00000001)",8," B8"," 3C",0,704,104857796,"  -----XX- -X------ -------- XX---X--"
"111",589," 2017/12/13"," 01:37:35",43.33614,-117.111893,1151.359985,0,71,13.581481," 00(00000001)",14," B7"," 3C",0,656,104857796,"  -----XX- -X------ -------- XX---X--"
"112",590," 2017/12/13"," 01:42:36",43.336227,-117.112114,1163.309937,0,193,20.380858," 00(00000001)",18," BA"," 3C",0,544,104857796,"  -----XX- -X------ -------- XX---X--"
"113",591," 2017/12/13"," 01:47:28",43.336235,-117.11216,1159.51001,0,126,3.798182," 00(00000001)",10," C9"," 3C",0,608,104857796,"  -----XX- -X------ -------- XX---X--"
"114",592," 2017/12/13"," 01:52:20",43.336243,-117.112175,1154.23999,0,242,1.497545," 00(00000001)",9," C9"," 3C",0,832,104857796,"  -----XX- -X------ -------- XX---X--"
"115",593," 2017/12/13"," 01:57:15",43.336273,-117.112114,1165.530029,0,353,5.990178," 00(00000001)",12," CA"," 3C",0,976,104857792,"  -----XX- -X------ -------- XX------"
"116",594," 2017/12/13"," 02:02:37",43.336258,-117.112106,1161.969971,216,255,1.805416," 00(00000001)",41," C9"," 36",0,1456,71303360,"  -----X-- -X------ -------- XX------"
"117",595," 2017/12/13"," 02:08:34",43.336262,-117.112137,1160.419922,288,49,2.504335," 00(00000001)",23," C7"," 32",0,1600,71303360,"  -----X-- -X------ -------- XX------"
"118",596," 2017/12/13"," 02:15:19",43.336262,-117.112556,1154.969971,396,146,33.937071," 00(00000001)",36," B9"," 32",0,1776,742392000,"  --X-XX-- -X------ -------- XX------"
"119",597," 2017/12/13"," 02:22:45",43.336357,-117.112892,1145.76001,0,11,29.147135," 00(00000001)",21," A8"," 3C",0,1136,742392000,"  --X-XX-- -X------ -------- XX------"
"120",598," 2017/12/13"," 02:30:24",43.33622,-117.113152,1144.400024,0,10,25.948253," 00(00000001)",21," A9"," 3C",0,1232,742392000,"  --X-XX-- -X------ -------- XX------"
"121",599," 2017/12/13"," 02:37:12",43.336151,-117.113319,1147.25,0,322,15.574721," 00(00000001)",21," A7"," 3C",0,624,742392000,"  --X-XX-- -X------ -------- XX------"
"122",600," 2017/12/13"," 02:43:59",43.336025,-117.11338,1143.630005,0,270,14.842672," 00(00000001)",20," A9"," 3C",0,752,742392000,"  --X-XX-- -X------ -------- XX------"
"123",601," 2017/12/13"," 02:50:45",43.33588,-117.113266,1139.189941,0,182,18.587017," 00(00000001)",21," 98"," 3C",0,768,742392000,"  --X-XX-- -X------ -------- XX------"
"124",602," 2017/12/13"," 02:57:47",43.335648,-117.113052,1166.02002,0,109,31.112702," 00(00000001)",20," A8"," 3C",0,672,742392000,"  --X-XX-- -X------ -------- XX------"
"125",603," 2017/12/13"," 03:04:14",43.335323,-117.113037,1149.429932,0,184,36.075988," 00(00000001)",21," AA"," 3C",0,1056,742392000,"  --X-XX-- -X------ -------- XX------"
"126",604," 2017/12/13"," 03:10:42",43.335175,-117.113075,1142.449951,0,22,16.828064," 00(00000001)",21," AA"," 3C",0,848,742392000,"  --X-XX-- -X------ -------- XX------"
"127",605," 2017/12/13"," 03:16:50",43.334911,-117.113113,1171.949951,0,304,29.430238," 00(00000001)",19," B9"," 3C",0,1072,742392000,"  --X-XX-- -X------ -------- XX------"
"128",606," 2017/12/13"," 03:22:55",43.334545,-117.113052,1175.26001,0,257,41.018919," 00(00000001)",18," BA"," 3C",0,560,742392000,"  --X-XX-- -X------ -------- XX------"
"129",607," 2017/12/13"," 03:28:47",43.334469,-117.113235,1165.699951,0,58,17.067105," 00(00000001)",20," BA"," 3C",0,1120,742392000,"  --X-XX-- -X------ -------- XX------"
"130",608," 2017/12/13"," 03:34:37",43.334335,-117.113274,1173.609985,0,87,15.163323," 00(00000001)",19," B9"," 3C",0,800,742392000,"  --X-XX-- -X------ -------- XX------"
"131",609," 2017/12/13"," 03:40:25",43.334072,-117.113441,1173.189941,0,278,32.263115," 00(00000001)",17," AA"," 3C",0,1040,742392000,"  --X-XX-- -X------ -------- XX------"
"132",610," 2017/12/13"," 03:45:55",43.333256,-117.113113,1169.679932,0,138,94.571976," 00(00000001)",16," A9"," 3C",0,1280,742392000,"  --X-XX-- -X------ -------- XX------"
"133",611," 2017/12/13"," 03:51:19",43.333122,-117.113129,1164.809937,0,112,14.897332," 00(00000001)",11," AA"," 3C",0,1072,742392000,"  --X-XX-- -X------ -------- XX------"
"134",612," 2017/12/13"," 03:56:17",43.332985,-117.113121,1168.97998,0,338,15.282762," 00(00000001)",21," B8"," 3C",0,2704,738197696,"  --X-XX-- -------- -------- XX------"
"135",613," 2017/12/13"," 04:01:37",43.332573,-117.113281,1166.52002,1944,206,47.608423," 00(00000001)",43," BA"," 32",0,3520,738197632,"  --X-XX-- -------- -------- X-------"
"136",614," 2017/12/13"," 04:09:03",43.332329,-117.114082,1164.209961,468,147,70.250307," 00(00000001)",30," C9"," 36",0,2192,671089792,"  --X-X--- -------- -----X-- X-------"
"137",615," 2017/12/13"," 04:16:48",43.332169,-117.114433,1153.52002,0,248,33.513123," 00(00000001)",14," BA"," 3C",0,1312,738198656,"  --X-XX-- -------- -----X-- X-------"
"138",616," 2017/12/13"," 04:21:45",43.332108,-117.114479,1149.569946,0,268,7.731041," 00(00000001)",21," CB"," 3C",0,1152,738198656,"  --X-XX-- -------- -----X-- X-------"
"139",617," 2017/12/13"," 04:28:24",43.331997,-117.114372,1170.429932,396,288,15.031664," 00(00000001)",37," CC"," 3A",0,2288,671089856,"  --X-X--- -------- -----X-- XX------"
"140",618," 2017/12/13"," 04:35:59",43.332054,-117.11451,1174.51001,0,73,12.800722," 00(00000001)",21," C8"," 3C",0,2544,671089856,"  --X-X--- -------- -----X-- XX------"
"141",619," 2017/12/13"," 04:43:32",43.331879,-117.114655,1138.77002,0,257,22.763677," 00(00000001)",20," CA"," 3C",0,864,671089856,"  --X-X--- -------- -----X-- XX------"
"142",620," 2017/12/13"," 04:50:48",43.331875,-117.114441,1180.109985,0,343,17.283508," 00(00000001)",21," CA"," 3C",0,4128,671089856,"  --X-X--- -------- -----X-- XX------"
"143",621," 2017/12/13"," 04:58:10",43.331715,-117.114677,1161.709961,0,287,26.140529," 00(00000001)",27," CB"," 3C",0,1936,671089856,"  --X-X--- -------- -----X-- XX------"
"144",622," 2017/12/13"," 05:05:18",43.331757,-117.114517,1183.039917,0,188,13.77317," 00(00000001)",31," CA"," 3C",0,4240,671089856,"  --X-X--- -------- -----X-- XX------"
"145",623," 2017/12/13"," 05:12:53",43.331596,-117.114662,1161.22998,0,274,21.327281," 00(00000001)",21," AA"," 3C",0,3328,671089856,"  --X-X--- -------- -----X-- XX------"
"146",624," 2017/12/13"," 05:20:29",43.331509,-117.114761,1143.949951,0,245,12.630688," 00(00000001)",22," A8"," 3C",0,2656,671089856,"  --X-X--- -------- -----X-- XX------"
"147",625," 2017/12/13"," 05:27:45",43.331551,-117.114563,1157.48999,0,306,16.708924," 00(00000001)",21," A9"," 3C",0,1664,671089856,"  --X-X--- -------- -----X-- XX------"
"148",626," 2017/12/13"," 05:34:28",43.331585,-117.114655,1160.26001,0,269,8.331162," 00(00000001)",21," AA"," 3C",0,2704,671089856,"  --X-X--- -------- -----X-- XX------"
"149",627," 2017/12/13"," 05:41:10",43.331585,-117.114616,1159.98999,0,263,3.085426," 00(00000001)",20," A9"," 3C",0,1616,671089856,"  --X-X--- -------- -----X-- XX------"
"150",628," 2017/12/13"," 05:47:34",43.33165,-117.114746,1168.049927,0,209,12.729789," 00(00000001)",21," AA"," 3C",0,2688,671089856,"  --X-X--- -------- -----X-- XX------"
"151",629," 2017/12/13"," 05:54:03",43.331573,-117.114594,1165.579956,0,80,14.976224," 00(00000001)",25," A8"," 3C",0,3088,671155264,"  --X-X--- -------X -----X-- -X------"
"152",630," 2017/12/13"," 06:00:47",43.331619,-117.114754,1148.859985,0,239,13.922617," 00(00000001)",21," A8"," 3C",0,2208,671155264,"  --X-X--- -------X -----X-- -X------"
"153",631," 2017/12/13"," 06:07:14",43.331547,-117.114449,1181.26001,0,121,25.965811," 00(00000001)",21," 99"," 3C",0,3488,671155264,"  --X-X--- -------X -----X-- -X------"
"154",632," 2017/12/13"," 06:13:40",43.331589,-117.114555,1174.97998,0,71,9.818683," 00(00000001)",21," 99"," 3C",0,2048,671155264,"  --X-X--- -------X -----X-- -X------"
"155",633," 2017/12/13"," 06:20:10",43.331593,-117.114708,1158.030029,0,98,12.348989," 00(00000001)",21," 98"," 3C",0,2480,671155264,"  --X-X--- -------X -----X-- -X------"
"156",634," 2017/12/13"," 06:26:39",43.331615,-117.114708,1186.890015,0,252,2.54505," 00(00000001)",21," A6"," 3C",0,2800,671155200,"  --X-X--- -------X -----X-- --------"
"157",635," 2017/12/13"," 06:33:08",43.33165,-117.115105,1158.289917,0,71,32.314695," 00(00000001)",21," A8"," 3C",0,2624,671155200,"  --X-X--- -------X -----X-- --------"
"158",636," 2017/12/13"," 06:39:37",43.331623,-117.114822,1164.869995,0,278,23.02439," 00(00000001)",21," A7"," 3C",0,5664,671155264,"  --X-X--- -------X -----X-- -X------"
"159",637," 2017/12/13"," 06:46:21",43.331627,-117.114929,1153.619995,648,188,8.649594," 00(00000001)",36," C9"," 44",0,2400,671155233,"  --X-X--- -------X -----X-- --X----X"
"160",638," 2017/12/13"," 06:53:39",43.331596,-117.114952,1157.819946,0,0,3.865528," 00(00000001)",17," B8"," 3C",0,2032,671155233,"  --X-X--- -------X -----X-- --X----X"
"161",639," 2017/12/13"," 07:00:45",43.331604,-117.114937,1148.959961,0,109,1.497623," 00(00000001)",21," A9"," 3C",0,2192,671155233,"  --X-X--- -------X -----X-- --X----X"
"162",640," 2017/12/13"," 07:07:08",43.331539,-117.114998,1156.069946,0,122,8.738935," 00(00000001)",13," A7"," 3C",0,2256,671155233,"  --X-X--- -------X -----X-- --X----X"
"163",641," 2017/12/13"," 07:12:08",43.331638,-117.114914,1162.329956,0,77,12.950096," 00(00000001)",19," B8"," 3C",0,2000,536937505,"  --X----- -------X -----X-- --X----X"
"164",642," 2017/12/13"," 07:17:38",43.331573,-117.115044,1154.679932,0,286,12.729791," 00(00000001)",12," B8"," 3C",0,2080,671155233,"  --X-X--- -------X -----X-- --X----X"
"165",643," 2017/12/13"," 07:22:33",43.331509,-117.114845,1152.280029,0,114,17.590206," 00(00000001)",12," C9"," 3C",0,2544,671155233,"  --X-X--- -------X -----X-- --X----X"
"166",644," 2017/12/13"," 07:27:25",43.33152,-117.11483,1158.109985,0,190,1.77271," 00(00000001)",9," C9"," 3C",0,1760,671155233,"  --X-X--- -------X -----X-- --X----X"
"167",645," 2017/12/13"," 07:32:27",43.331547,-117.114876,1156.809937,0,273,4.746041," 00(00000001)",20," CA"," 3C",0,1552,671154209,"  --X-X--- -------X -------- --X----X"
"168",646," 2017/12/13"," 07:37:23",43.331558,-117.114815,1167.73999,0,120,5.098055," 00(00000001)",13," CA"," 3C",0,1552,671154209,"  --X-X--- -------X -------- --X----X"
"169",647," 2017/12/13"," 07:42:17",43.33147,-117.114731,1168.059937,0,112,11.885126," 00(00000001)",11," CB"," 3C",0,2064,671154209,"  --X-X--- -------X -------- --X----X"
"170",648," 2017/12/13"," 07:47:22",43.331371,-117.114853,1155.780029,936,268,14.802457," 00(00000001)",24," CC"," 34",0,2480,134283297,"  ----X--- -------X -------- --X----X"
"171",649," 2017/12/13"," 07:52:34",43.331604,-117.114571,1157.549927,0,357,34.50808," 00(00000001)",29," CB"," 3E",0,1904,134303777,"  ----X--- -------X -X-X---- --X----X"
"172",650," 2017/12/13"," 07:58:24",43.331783,-117.114685,1195.630005,0,284,21.98025," 00(00000001)",15," CA"," 3C",0,832,134303777,"  ----X--- -------X -X-X---- --X----X"
"173",651," 2017/12/13"," 08:05:13",43.331974,-117.11483,1163.439941,0,322,24.233786," 00(00000001)",93," C8"," 3C",0,640,20517,"  -------- -------- -X-X---- --X--X-X"
"174",652," 2017/12/13"," 08:16:25",43.331833,-117.114693,1160.48999,252,149,19.22739," 00(00000001)",42," C8"," 36",0,1600,81956,"  -------- -------X -X------ --X--X--"
"175",653," 2017/12/13"," 08:31:09",43.331577,-117.114388,1154.539917,360,47,37.642381," 00(00000001)",134," A7"," 32",0,3552,134283300,"  ----X--- -------X -------- --X--X--"
"176",654," 2017/12/13"," 08:49:32",43.33136,-117.114906,1162.869995,1692,302,48.429052," 00(00000001)",24," A7"," 44",0,1888,134283302,"  ----X--- -------X -------- --X--XX-"
"177",655," 2017/12/13"," 09:07:17",43.331215,-117.115463,1163.410034,0,107,47.844357," 00(00000001)",8," A8"," 3C",0,1776,134283302,"  ----X--- -------X -------- --X--XX-"
"178",656," 2017/12/13"," 09:12:36",43.331264,-117.115585,1164.849976,792,96,11.308918," 00(00000001)",43," A7"," 32",0,3792,65574,"  -------- -------X -------- --X--XX-"
"179",657," 2017/12/13"," 09:25:31",43.331474,-117.115753,1160.469971,324,337,26.992166," 00(00000001)",33," 98"," 42",0,2672,8454182,"  -------- X------X -------- --X--XX-"
"180",658," 2017/12/13"," 09:37:31",43.331772,-117.11554,1166.199951,828,44,37.325626," 00(00000001)",30," A8"," 38",0,2848,25233442,"  -------X X------X ----X--- --X---X-"
"181",659," 2017/12/13"," 09:49:21",43.332279,-117.114876,1158.650024,1008,151,77.877287," 00(00000001)",20," B9"," 3C",0,1424,25233442,"  -------X X------X ----X--- --X---X-"
"182",660," 2017/12/13"," 09:59:41",43.332577,-117.114555,1157.929932,0,65,42.028113," 00(00000001)",19," A8"," 3C",0,960,25233442,"  -------X X------X ----X--- --X---X-"
"183",661," 2017/12/13"," 10:08:35",43.332581,-117.114548,1149.97998,0,106,0.748803," 00(00000001)",19," A7"," 3C",0,624,25233410,"  -------X X------X ----X--- ------X-"
"184",662," 2017/12/13"," 10:15:15",43.332592,-117.114601,1161.189941,0,100,4.503067," 00(00000001)",21," A7"," 3C",0,1088,25233410,"  -------X X------X ----X--- ------X-"
"185",663," 2017/12/13"," 10:21:47",43.332573,-117.114555,1157.349976,0,304,4.266878," 00(00000001)",12," A9"," 3C",0,1184,25233410,"  -------X X------X ----X--- ------X-"
"186",664," 2017/12/13"," 10:26:36",43.332581,-117.114548,1162.51001,0,250,1.049037," 00(00000001)",12," A8"," 3C",0,1200,25233410,"  -------X X------X ----X--- ------X-"
"187",665," 2017/12/13"," 10:31:33",43.332581,-117.114594,1151.699951,0,143,3.70245," 00(00000001)",21," B9"," 3C",0,1584,25233410,"  -------X X------X ----X--- ------X-"
"188",666," 2017/12/13"," 10:37:01",43.332565,-117.114571,1155.630005,396,270,2.51114," 00(00000001)",36," B8"," 38",0,1392,293865522,"  ---X---X X----X-- ----X--- --XX--X-"
"189",667," 2017/12/13"," 10:43:39",43.332565,-117.11454,1163.929932,0,185,2.468301," 00(00000001)",15," B9"," 3C",0,1264,293865522,"  ---X---X X----X-- ----X--- --XX--X-"
"190",668," 2017/12/13"," 10:49:57",43.332623,-117.114578,1158.650024,0,96,7.071247," 00(00000001)",13," 99"," 3C",0,976,293865522,"  ---X---X X----X-- ----X--- --XX--X-"
"191",669," 2017/12/13"," 10:54:57",43.332573,-117.114578,1161.439941,0,200,5.514275," 00(00000001)",21," 99"," 3C",0,944,293865522,"  ---X---X X----X-- ----X--- --XX--X-"
"192",670," 2017/12/13"," 11:00:37",43.3326,-117.114563,1159.559937,0,171,3.215497," 00(00000001)",8," 99"," 3C",0,944,293865522,"  ---X---X X----X-- ----X--- --XX--X-"
"193",671," 2017/12/13"," 11:05:25",43.332603,-117.114555,1152.049927,0,4,0.748803," 00(00000001)",8," 98"," 3C",0,736,293865522,"  ---X---X X----X-- ----X--- --XX--X-"
"194",672," 2017/12/13"," 11:10:23",43.332603,-117.114578,1151.72998,0,69,1.851224," 00(00000001)",20," 99"," 3C",0,864,293865522,"  ---X---X X----X-- ----X--- --XX--X-"
"195",673," 2017/12/13"," 11:15:11",43.332581,-117.114563,1161.929932,0,279,2.828499," 00(00000001)",9," 99"," 3C",0,992,293865522,"  ---X---X X----X-- ----X--- --XX--X-"
"196",674," 2017/12/13"," 11:20:00",43.332592,-117.114563,1161.069946,0,159,1.272525," 00(00000001)",10," 99"," 3C",0,752,293865522,"  ---X---X X----X-- ----X--- --XX--X-"
"197",675," 2017/12/13"," 11:24:58",43.332607,-117.114571,1158.539917,0,25,1.805428," 00(00000001)",20," 99"," 3C",0,1344,285476914,"  ---X---X -----X-- ----X--- --XX--X-"
"198",676," 2017/12/13"," 11:29:57",43.332561,-117.114578,1142.48999,0,205,5.127367," 00(00000001)",21," A7"," 3C",0,1312,285214770,"  ---X---X -------- ----X--- --XX--X-"
"199",677," 2017/12/13"," 11:34:55",43.332676,-117.114548,1170.47998,0,177,12.962425," 00(00000001)",21," B6"," 3C",0,1600,285214770,"  ---X---X -------- ----X--- --XX--X-"
"200",678," 2017/12/13"," 11:40:12",43.332554,-117.114586,1153.410034,0,53,13.919847," 00(00000001)",21," B7"," 3C",0,1536,285214770,"  ---X---X -------- ----X--- --XX--X-"
"201",679," 2017/12/13"," 11:45:46",43.332569,-117.114563,1151.039917,0,7,2.511141," 00(00000001)",21," A8"," 3C",0,1232,285214770,"  ---X---X -------- ----X--- --XX--X-"
"202",680," 2017/12/13"," 11:51:38",43.3326,-117.114601,1164.789917,0,171,4.58636," 00(00000001)",21," A7"," 3C",0,1120,285214770,"  ---X---X -------- ----X--- --XX--X-"
"203",681," 2017/12/13"," 11:57:30",43.332592,-117.114578,1152.929932,0,182,2.036352," 00(00000001)",21," A7"," 3C",0,1376,285212722,"  ---X---X -------- -------- --XX--X-"
"204",682," 2017/12/13"," 12:04:16",43.332619,-117.114532,1152.119995,0,197,4.74599," 00(00000001)",21," A8"," 3C",0,1728,285212722,"  ---X---X -------- -------- --XX--X-"
"205",683," 2017/12/13"," 12:10:24",43.332512,-117.114639,1144.329956,0,53,14.686524," 00(00000001)",21," A7"," 3C",0,1792,285212722,"  ---X---X -------- -------- --XX--X-"
"206",684," 2017/12/13"," 12:16:58",43.332546,-117.114647,1149.179932,0,100,3.867126," 00(00000001)",29," B7"," 3C",0,3632,285212722,"  ---X---X -------- -------- --XX--X-"
"207",685," 2017/12/13"," 12:23:58",43.332603,-117.114532,1165.809937,0,283,11.232047," 00(00000001)",21," B9"," 3C",0,704,285212722,"  ---X---X -------- -------- --XX--X-"
"208",686," 2017/12/13"," 12:31:04",43.332607,-117.114532,1153.47998,0,18,0.424175," 00(00000001)",27," A8"," 3C",0,1248,1360005138,"  -X-X---X ---X---- ----X--- ---X--X-"
"209",687," 2017/12/13"," 12:37:52",43.332634,-117.114548,1155.400024,0,220,3.215497," 00(00000001)",8," A8"," 3C",0,1120,1393559570,"  -X-X--XX ---X---- ----X--- ---X--X-"
"210",688," 2017/12/13"," 12:42:39",43.332615,-117.114525,1154.359985,0,88,2.815163," 00(00000001)",9," 87"," 3C",0,976,1393559570,"  -X-X--XX ---X---- ----X--- ---X--X-"
"211",689," 2017/12/13"," 12:47:28",43.3326,-117.114525,1151.530029,0,104,1.6967," 00(00000001)",12," 98"," 3C",0,896,1393559570,"  -X-X--XX ---X---- ----X--- ---X--X-"
"212",690," 2017/12/13"," 12:52:16",43.332596,-117.114525,1156.030029,0,0,0.424175," 00(00000001)",11," A9"," 3C",0,688,1393559570,"  -X-X--XX ---X---- ----X--- ---X--X-"
"213",691," 2017/12/13"," 12:57:04",43.332603,-117.11454,1157.51001,0,58,1.497606," 00(00000001)",11," B9"," 3C",0,928,1393559570,"  -X-X--XX ---X---- ----X--- ---X--X-"
"214",692," 2017/12/13"," 13:01:50",43.332657,-117.114578,1158.569946,0,226,6.692138," 00(00000001)",9," B8"," 3C",0,1024,1393559570,"  -X-X--XX ---X---- ----X--- ---X--X-"
"215",693," 2017/12/13"," 13:06:35",43.332561,-117.114548,1155.02002,0,340,10.887849," 00(00000001)",8," BA"," 3C",0,1088,1393559570,"  -X-X--XX ---X---- ----X--- ---X--X-"
"216",694," 2017/12/13"," 13:11:39",43.332661,-117.114555,1166.349976,0,7,11.045799," 00(00000001)",9," BA"," 3C",0,912,319817746,"  ---X--XX ---X---- ----X--- ---X--X-"
"217",695," 2017/12/13"," 13:17:13",43.332634,-117.114517,1154.75,0,158,4.282034," 00(00000001)",20," B8"," 3C",0,992,319817744,"  ---X--XX ---X---- ----X--- ---X----"
"218",696," 2017/12/13"," 13:22:06",43.332569,-117.114555,1157.319946,0,320,7.843321," 00(00000001)",15," BA"," 3C",0,800,319817746,"  ---X--XX ---X---- ----X--- ---X--X-"
"219",697," 2017/12/13"," 13:26:52",43.332592,-117.114563,1159.660034,0,60,2.61879," 00(00000001)",8," CB"," 3C",0,976,319817746,"  ---X--XX ---X---- ----X--- ---X--X-"
"220",698," 2017/12/13"," 13:31:51",43.332611,-117.114555,1161.530029,0,8,2.208821," 00(00000001)",20," BB"," 3C",0,880,319817746,"  ---X--XX ---X---- ----X--- ---X--X-"
"221",699," 2017/12/13"," 13:36:50",43.332611,-117.114563,1164.689941,0,194,0.617075," 00(00000001)",20," CA"," 3C",0,736,319817746,"  ---X--XX ---X---- ----X--- ---X--X-"
"222",700," 2017/12/13"," 13:41:46",43.332592,-117.114525,1155.51001,0,274,3.744014," 00(00000001)",17," CB"," 3C",0,784,319815698,"  ---X--XX ---X---- -------- ---X--X-"
"223",701," 2017/12/13"," 13:46:44",43.332623,-117.11454,1156.630005,0,181,3.610857," 00(00000001)",20," CB"," 3C",0,864,319815698,"  ---X--XX ---X---- -------- ---X--X-"
"224",702," 2017/12/13"," 13:52:00",43.332596,-117.114563,1156.660034,0,171,3.499047," 00(00000001)",20," BB"," 3C",0,896,319815698,"  ---X--XX ---X---- -------- ---X--X-"
"225",703," 2017/12/13"," 13:57:31",43.3326,-117.114548,1158.119995,0,99,1.30501," 00(00000001)",16," BA"," 3C",0,464,319995922,"  ---X--XX ---X--X- XX------ ---X--X-"
"226",704," 2017/12/13"," 14:02:35",43.332615,-117.114563,1159.699951,0,56,2.098074," 00(00000001)",8," BB"," 3C",0,928,319995922,"  ---X--XX ---X--X- XX------ ---X--X-"
"227",705," 2017/12/13"," 14:07:35",43.332603,-117.114555,1153.199951,0,133,1.414249," 00(00000001)",20," B9"," 3C",0,960,319995920,"  ---X--XX ---X--X- XX------ ---X----"
"228",706," 2017/12/13"," 14:12:28",43.332561,-117.114586,1158.869995,0,350,5.278576," 00(00000001)",14," B9"," 3C",0,576,319995920,"  ---X--XX ---X--X- XX------ ---X----"
"229",707," 2017/12/13"," 14:17:28",43.332577,-117.114532,1154.02002,0,209,4.640808," 00(00000001)",20," C9"," 3C",0,800,319963152,"  ---X--XX ---X--X- -X------ ---X----"
"230",708," 2017/12/13"," 14:22:21",43.332584,-117.114525,1164.72998,0,138,1.049037," 00(00000001)",12," B8"," 3C",0,464,319995920,"  ---X--XX ---X--X- XX------ ---X----"
"231",709," 2017/12/13"," 14:27:21",43.332577,-117.114555,1160.429932,0,247,2.61002," 00(00000001)",20," B8"," 3C",0,624,319963152,"  ---X--XX ---X--X- -X------ ---X----"
"232",710," 2017/12/13"," 14:32:24",43.332603,-117.114517,1174.02002,0,291,4.282036," 00(00000001)",21," B6"," 3C",0,672,319995920,"  ---X--XX ---X--X- XX------ ---X----"
"233",711," 2017/12/13"," 14:37:36",43.332615,-117.114586,1165.969971,0,200,5.697596," 00(00000001)",13," B7"," 3C",0,464,318947344,"  ---X--XX ------X- XX------ ---X----"
"234",712," 2017/12/13"," 14:42:47",43.332512,-117.114555,1138.160034,0,160,11.715691," 00(00000001)",21," C9"," 3C",0,960,303218704,"  ---X--X- ---X--X- XX------ ---X----"
"235",713," 2017/12/13"," 14:48:06",43.332657,-117.114548,1172.030029,0,57,16.130457," 00(00000001)",20," C8"," 3C",0,1968,302170128,"  ---X--X- ------X- XX------ ---X----"
"236",714," 2017/12/13"," 14:53:43",43.332588,-117.114601,1158.949951,0,330,8.772331," 00(00000001)",21," B9"," 3C",0,1328,303218704,"  ---X--X- ---X--X- XX------ ---X----"
"237",715," 2017/12/13"," 14:59:40",43.332554,-117.114571,1142.069946,0,29,4.54603," 00(00000001)",21," B8"," 3C",0,960,303218704,"  ---X--X- ---X--X- XX------ ---X----"
"238",716," 2017/12/13"," 15:05:29",43.332584,-117.114555,1149.390015,0,333,3.610857," 00(00000001)",14," B6"," 3C",0,640,303218704,"  ---X--X- ---X--X- XX------ ---X----"
"239",717," 2017/12/13"," 15:10:27",43.332809,-117.114555,1158.72998,0,128,25.026324," 00(00000001)",14," B9"," 3C",0,592,303218704,"  ---X--X- ---X--X- XX------ ---X----"
"240",718," 2017/12/13"," 15:15:21",43.333004,-117.114479,1166.329956,0,184,22.495803," 00(00000001)",11," BA"," 3C",0,784,303218704,"  ---X--X- ---X--X- XX------ ---X----"
"241",719," 2017/12/13"," 15:20:20",43.33305,-117.114349,1165.189941,0,357,11.659905," 00(00000001)",17," C8"," 3C",0,816,303218688,"  ---X--X- ---X--X- XX------ --------"
"242",720," 2017/12/13"," 15:25:21",43.333107,-117.114151,1168,0,195,17.259408," 00(00000001)",19," C9"," 3C",0,1712,303218688,"  ---X--X- ---X--X- XX------ --------"
"243",721," 2017/12/13"," 15:30:23",43.33305,-117.113976,1166.049927,0,142,15.553558," 00(00000001)",21," B9"," 3C",0,1680,303218688,"  ---X--X- ---X--X- XX------ --------"
"244",722," 2017/12/13"," 15:35:41",43.332817,-117.113678,1157.380005,0,99,35.336396," 00(00000001)",19," B9"," 3C",0,1008,303218688,"  ---X--X- ---X--X- XX------ --------"
"245",723," 2017/12/13"," 15:41:18",43.332195,-117.113136,1158,0,298,81.853141," 00(00000001)",21," B7"," 3C",0,1280,303218688,"  ---X--X- ---X--X- XX------ --------"
"246",724," 2017/12/13"," 15:46:45",43.331448,-117.112831,1170.160034,0,121,86.725095," 00(00000001)",11," B7"," 3C",0,784,303218688,"  ---X--X- ---X--X- XX------ --------"
"247",725," 2017/12/13"," 15:51:45",43.3311,-117.112823,1157.73999,0,170,38.604856," 00(00000001)",21," B7"," 3C",0,864,303218688,"  ---X--X- ---X--X- XX------ --------"
"248",726," 2017/12/13"," 15:57:02",43.330803,-117.112839,1168.349976,2808,173,33.10866," 00(00000001)",20," B9"," 3C",0,992,303218688,"  ---X--X- ---X--X- XX------ --------"
"249",727," 2017/12/13"," 16:03:33",43.328949,-117.112816,1171.380005,432,216,206.157354," 00(00000001)",58," CB"," 3C",0,1872,268980736,"  ---X---- ----X--- -X-X--X- --------"
"250",728," 2017/12/13"," 16:12:02",43.327625,-117.112495,1170.169922,0,302,149.45338," 00(00000001)",19," CA"," 3C",0,944,268980736,"  ---X---- ----X--- -X-X--X- --------"
"251",729," 2017/12/13"," 16:20:30",43.328117,-117.112198,1194.599976,0,285,59.777762," 00(00000001)",19," B9"," 3C",0,1296,277369344,"  ---X---- X---X--- -X-X--X- --------"
"252",730," 2017/12/13"," 16:27:30",43.327797,-117.112213,1176.319946,2304,195,35.652069," 00(00000001)",20," BB"," 3C",0,1056,277369344,"  ---X---- X---X--- -X-X--X- --------"
"253",731," 2017/12/13"," 16:34:25",43.326218,-117.11235,1159.869995,2880,181,175.95943," 00(00000001)",14," BA"," 3C",0,1008,8933888,"  -------- X---X--- -X-X--X- --------"
"254",732," 2017/12/13"," 16:39:24",43.325329,-117.11245,1196.51001,2268,356,99.15787," 00(00000001)",20," B8"," 3C",0,3120,545280,"  -------- ----X--- -X-X--X- --------"
"255",733," 2017/12/13"," 16:46:12",43.325211,-117.112411,1181.209961,0,12,13.506635," 00(00000001)",20," B8"," 3C",0,1040,8933888,"  -------- X---X--- -X-X--X- --------"
"256",734," 2017/12/13"," 16:52:38",43.32666,-117.112335,1151.669922,0,346,161.304594," 00(00000001)",21," BA"," 3C",0,1152,8933888,"  -------- X---X--- -X-X--X- --------"
"257",735," 2017/12/13"," 16:59:07",43.32428,-117.112923,1150.799927,3780,193,268.917148," 00(00000001)",23," B8"," 32",0,1856,8929792,"  -------- X---X--- -X----X- --------"
"258",736," 2017/12/13"," 17:05:19",43.3214,-117.114944,1153.829956,2196,212,359.597528," 00(00000001)",22," B9"," 32",0,2720,8929792,"  -------- X---X--- -X----X- --------"
"259",737," 2017/12/13"," 17:11:32",43.318554,-117.116898,1155.189941,2592,265,353.68924," 00(00000001)",22," B9"," 3C",0,2688,-2138553856,"  X------- X---X--- -X----X- --------"
"260",738," 2017/12/13"," 17:18:00",43.315208,-117.118256,1171.410034,4320,159,387.886592," 00(00000001)",20," B9"," 3C",0,2032,-2138553856,"  X------- X---X--- -X----X- --------"
"261",739," 2017/12/13"," 17:24:09",43.312439,-117.118744,1167.380005,0,117,310.474615," 00(00000001)",21," B8"," 3C",0,1280,-2138553856,"  X------- X---X--- -X----X- --------"
"262",740," 2017/12/13"," 17:30:37",43.312458,-117.118843,1158.02002,0,356,8.300173," 00(00000001)",21," B9"," 3C",0,1232,-2138553856,"  X------- X---X--- -X----X- --------"
"263",741," 2017/12/13"," 17:37:08",43.312458,-117.118797,1163.789917,36,332,3.703677," 00(00000001)",24," B8"," 34",0,2544,-2139078144,"  X------- X------- -X----X- --------"
"264",742," 2017/12/13"," 17:43:48",43.312485,-117.118729,1173.449951,612,101,6.299209," 00(00000001)",32," B7"," 38",0,2992,-2139078144,"  X------- X------- -X----X- --------"
"265",743," 2017/12/13"," 17:51:16",43.31258,-117.118835,1163.589966,756,112,13.679738," 00(00000001)",27," A8"," 38",0,2736,-2139078144,"  X------- X------- -X----X- --------"
"266",744," 2017/12/13"," 17:59:03",43.312622,-117.119026,1171.049927,0,338,16.121909," 00(00000001)",26," B8"," 3C",0,2464,-2071854464,"  X----X-- X-----X- ------X- X-------"
"267",745," 2017/12/13"," 18:06:43",43.312408,-117.118988,1169.869995,0,1,23.953472," 00(00000001)",18," B6"," 3C",0,1040,-2071854464,"  X----X-- X-----X- ------X- X-------"
"268",746," 2017/12/13"," 18:13:49",43.3125,-117.118996,1172.359985,0,0,10.198897," 00(00000001)",20," A7"," 3C",0,912,-2071854464,"  X----X-- X-----X- ------X- X-------"
"269",747," 2017/12/13"," 18:20:47",43.312424,-117.118752,1168.959961,0,0,21.497639," 00(00000001)",13," A6"," 3C",0,768,-2071854464,"  X----X-- X-----X- ------X- X-------"
"270",748," 2017/12/13"," 18:25:49",43.312469,-117.11879,1172.539917,0,156,5.952728," 00(00000001)",18," B7"," 3C",0,1184,-2071854464,"  X----X-- X-----X- ------X- X-------"
"271",749," 2017/12/13"," 18:31:47",43.312458,-117.118736,1171.319946,0,98,4.50444," 00(00000001)",20," B7"," 3C",0,1520,-2071854464,"  X----X-- X-----X- ------X- X-------"
"272",750," 2017/12/13"," 18:37:57",43.312462,-117.118675,1164.630005,0,304,4.95642," 00(00000001)",14," B7"," 3C",0,1376,-2071854464,"  X----X-- X-----X- ------X- X-------"
"273",751," 2017/12/13"," 18:42:56",43.312584,-117.118736,1172.719971,0,335,14.443986," 00(00000001)",12," B9"," 3C",0,1168,-2071854464,"  X----X-- X-----X- ------X- X-------"
"274",752," 2017/12/13"," 18:48:01",43.312393,-117.119141,1170.849976,2340,270,38.9889," 00(00000001)",19," B9"," 3C",0,1408,-2071854464,"  X----X-- X-----X- ------X- X-------"
"275",753," 2017/12/13"," 18:53:02",43.311855,-117.122406,1182.939941,2736,288,270.882201," 00(00000001)",14," BA"," 3C",0,2048,-2071854464,"  X----X-- X-----X- ------X- X-------"
"276",754," 2017/12/13"," 18:58:08",43.312038,-117.124916,1190.859985,3564,275,204.104716," 00(00000001)",19," BB"," 3C",0,1712,-2071854464,"  X----X-- X-----X- ------X- X-------"
"277",755," 2017/12/13"," 19:03:10",43.310997,-117.12793,1197.900024,972,287,269.93008," 00(00000001)",15," B9"," 3C",0,1088,-2071854464,"  X----X-- X-----X- ------X- X-------"
"278",756," 2017/12/13"," 19:08:18",43.310368,-117.129974,1200.030029,3600,253,179.631355," 00(00000001)",20," B9"," 3C",0,1504,-2071854464,"  X----X-- X-----X- ------X- X-------"
"279",757," 2017/12/13"," 19:13:20",43.309258,-117.132332,1212.73999,0,222,227.202221," 00(00000001)",13," BA"," 3C",0,1024,-2071854464,"  X----X-- X-----X- ------X- X-------"
"280",758," 2017/12/13"," 19:18:19",43.307159,-117.134575,1216.319946,2808,201,295.578741," 00(00000001)",13," BA"," 3C",0,1312,-2071854464,"  X----X-- X-----X- ------X- X-------"
"281",759," 2017/12/13"," 19:23:20",43.304905,-117.13636,1229.429932,5112,169,289.331102," 00(00000001)",12," B9"," 3C",0,1008,-2071854464,"  X----X-- X-----X- ------X- X-------"
"282",760," 2017/12/13"," 19:28:16",43.302185,-117.136559,1213.959961,0,215,302.862427," 00(00000001)",9," B8"," 3C",0,736,-2071854464,"  X----X-- X-----X- ------X- X-------"
"283",761," 2017/12/13"," 19:33:14",43.299507,-117.13681,1210.839966,4644,162,298.467044," 00(00000001)",10," B9"," 3C",0,608,-2071854464,"  X----X-- X-----X- ------X- X-------"
"284",762," 2017/12/13"," 19:38:18",43.297375,-117.137367,1209.159912,0,194,241.359541," 00(00000001)",18," B9"," 3C",0,912,-2071854464,"  X----X-- X-----X- ------X- X-------"
"285",763," 2017/12/13"," 19:43:20",43.295769,-117.13855,1204.780029,4320,200,202.605799," 00(00000001)",16," BA"," 3C",0,1120,-2138963328,"  X------- X-----X- ------X- X-------"
"286",764," 2017/12/13"," 19:48:46",43.294411,-117.139557,1206.059937,1620,286,171.597876," 00(00000001)",38," B9"," 32",0,3424,-2147351936,"  X------- ------X- ------X- X-------"
"287",765," 2017/12/13"," 19:55:10",43.293098,-117.140656,1204.669922,288,208,170.872814," 00(00000001)",42," B7"," 32",0,3072,-2147351936,"  X------- ------X- ------X- X-------"
"288",766," 2017/12/13"," 20:05:53",43.291157,-117.141998,1212.309937,2592,156,241.714298," 00(00000001)",158," BB"," 32",0,4512,1090650624,"  -X-----X ------X- ------X- --------"
"289",767," 2017/12/13"," 20:27:40",0,0,19.09,0,0,0," 00(00000013)",250," B7"," 0",0,0,0,"  -------- -------- -------- --------"
"290",768," 2017/12/13"," 21:06:15",0,0,19.09,0,0,0," 00(00000013)",250," BA"," 0",0,0,0,"  -------- -------- -------- --------"
"291",769," 2017/12/13"," 21:56:32",43.2747,-117.182487,1340.289917,864,163,3753.726611," 00(00000001)",222," B9"," 32",0,6480,1094721536,"  -X-----X -X------ --X----- --------"
"292",770," 2017/12/13"," 22:50:32",43.276611,-117.18734,1387.929932,360,15,446.625765," 00(00000001)",47," B7"," 3C",0,2656,1077977120,"  -X------ -X------ X-X----- --X-----"
"293",771," 2017/12/13"," 23:34:39",43.277859,-117.191841,1355.449951,1872,231,389.911266," 00(00000001)",19," CA"," 3C",0,976,1077977120,"  -X------ -X------ X-X----- --X-----"
"294",772," 2017/12/14"," 00:06:35",43.278969,-117.190414,1355.23999,504,1,169.042844," 00(00000001)",24," CA"," 34",0,2480,1077968928,"  -X------ -X------ X------- --X-----"
"295",773," 2017/12/14"," 00:33:49",43.279881,-117.188835,1358.459961,1368,322,163.162907," 00(00000001)",75," C9"," 32",0,3472,4227168,"  -------- -X------ X------- -XX-----"
"296",774," 2017/12/14"," 01:00:48",43.280682,-117.187668,1365.299927,720,358,129.860445," 00(00000001)",68," C8"," 32",0,7200,541098048,"  --X----- -X------ X------- -X------"
"297",775," 2017/12/14"," 01:27:31",43.280937,-117.187477,1364.47998,468,107,32.343082," 00(00000001)",38," B8"," 40",0,2576,541098176,"  --X----- -X------ X------- XX------"
"298",776," 2017/12/14"," 01:48:57",43.2808,-117.187515,1340.299927,0,30,15.579403," 00(00000001)",20," C8"," 3C",0,1728,541098176,"  --X----- -X------ X------- XX------"
"299",777," 2017/12/14"," 02:05:20",43.280762,-117.187546,1353.030029,180,121,4.9087," 00(00000001)",87," C8"," 3C",0,2320,742392016,"  --X-XX-- -X------ -------- XX-X----"
"300",778," 2017/12/14"," 02:20:10",43.28059,-117.18766,1364.679932,0,89,21.217192," 00(00000001)",12," A7"," 3C",0,496,742392016,"  --X-XX-- -X------ -------- XX-X----"
"301",779," 2017/12/14"," 02:25:03",43.280628,-117.187645,1361.169922,0,52,4.417938," 00(00000001)",11," A8"," 3C",0,912,742392016,"  --X-XX-- -X------ -------- XX-X----"
"302",780," 2017/12/14"," 02:30:06",43.280651,-117.187691,1367.589966,0,70,4.495427," 00(00000001)",21," A9"," 3C",0,736,742392016,"  --X-XX-- -X------ -------- XX-X----"
"303",781," 2017/12/14"," 02:39:48",43.280594,-117.187622,1362.059937,0,112,8.448614," 00(00000001)",21," A7"," 3C",0,816,742392016,"  --X-XX-- -X------ -------- XX-X----"
"304",782," 2017/12/14"," 02:47:46",43.280628,-117.187698,1351.880005,0,58,7.260661," 00(00000001)",21," 96"," 3C",0,752,742392016,"  --X-XX-- -X------ -------- XX-X----"
"305",783," 2017/12/14"," 02:55:08",43.280617,-117.187759,1358.130005,0,103,5.102062," 00(00000001)",21," A8"," 3C",0,880,742392016,"  --X-XX-- -X------ -------- XX-X----"
"306",784," 2017/12/14"," 03:02:12",43.280697,-117.187744,1338.25,0,43,8.992908," 00(00000001)",21," A8"," 3C",0,1024,675283152,"  --X-X--- -X------ -------- XX-X----"
"307",785," 2017/12/14"," 03:09:18",43.280674,-117.187706,1348.669922,0,88,4.001636," 00(00000001)",21," B9"," 3C",0,880,742392016,"  --X-XX-- -X------ -------- XX-X----"
"308",786," 2017/12/14"," 03:15:14",43.280781,-117.187477,1346.02002,0,37,22.007939," 00(00000001)",20," B7"," 3C",0,928,742392016,"  --X-XX-- -X------ -------- XX-X----"
"309",787," 2017/12/14"," 03:21:28",43.280674,-117.187683,1356.969971,0,300,20.472531," 00(00000001)",21," B8"," 3C",0,1008,742392016,"  --X-XX-- -X------ -------- XX-X----"
"310",788," 2017/12/14"," 03:27:40",43.280628,-117.18766,1368.599976,0,288,5.416827," 00(00000001)",21," B7"," 3C",0,1760,742392000,"  --X-XX-- -X------ -------- XX------"
"311",789," 2017/12/14"," 03:33:48",43.28067,-117.187645,1355.669922,0,49,4.826654," 00(00000001)",17," B3"," 3C",0,1440,205521104,"  ----XX-- -X------ -------- XX-X----"
"312",790," 2017/12/14"," 03:42:40",43.280594,-117.187775,1364.390015,0,42,13.498293," 00(00000001)",21," A8"," 3C",0,1328,742392016,"  --X-XX-- -X------ -------- XX-X----"
"313",791," 2017/12/14"," 03:48:31",43.280632,-117.187584,1361.819946,0,37,16.012127," 00(00000001)",12," B9"," 3C",0,992,738197712,"  --X-XX-- -------- -------- XX-X----"
"314",792," 2017/12/14"," 03:53:29",43.28059,-117.187675,1359.22998,0,55,8.757696," 00(00000001)",11," BA"," 3C",0,2256,738197712,"  --X-XX-- -------- -------- XX-X----"
"315",793," 2017/12/14"," 03:58:34",43.280525,-117.187637,1368.880005,0,260,7.844361," 00(00000001)",20," B9"," 3C",0,1968,738197712,"  --X-XX-- -------- -------- XX-X----"
"316",794," 2017/12/14"," 04:03:58",43.280579,-117.187668,1369.069946,936,349,6.431806," 00(00000001)",39," A8"," 36",0,2688,201326736,"  ----XX-- -------- -------- X--X----"
"317",795," 2017/12/14"," 04:11:11",43.280544,-117.187576,1366.319946,36,357,8.336688," 00(00000001)",43," BA"," 32",0,5184,201326736,"  ----XX-- -------- -------- X--X----"
"318",796," 2017/12/14"," 04:20:18",43.280415,-117.187515,1355.030029,1260,6,15.244817," 00(00000001)",51," CA"," 44",0,1792,201392272,"  ----XX-- -------X -------- X--X----"
"319",797," 2017/12/14"," 04:30:43",43.280411,-117.187538,1361.309937,756,60,1.900749," 00(00000001)",23," C9"," 32",0,1488,134283408,"  ----X--- -------X -------- X--X----"
"320",798," 2017/12/14"," 04:40:31",43.280403,-117.187737,1357.76001,36,324,16.080122," 00(00000001)",23," CA"," 32",0,1408,134283408,"  ----X--- -------X -------- X--X----"
"321",799," 2017/12/14"," 04:49:54",43.280346,-117.187714,1364.140015,936,342,6.626909," 00(00000001)",69," CA"," 42",0,2640,134283712,"  ----X--- -------X -------X XX------"
"322",800," 2017/12/14"," 05:01:45",43.280403,-117.187729,1368.309937,504,44,6.481415," 00(00000001)",22," CA"," 32",0,1616,134283456,"  ----X--- -------X -------- XX------"
"323",801," 2017/12/14"," 05:13:18",43.280384,-117.187798,1358.539917,828,332,5.949322," 00(00000001)",24," AA"," 34",0,1952,134283456,"  ----X--- -------X -------- XX------"
"324",802," 2017/12/14"," 05:23:05",43.280338,-117.187943,1365.809937,216,64,12.790921," 00(00000001)",23," A9"," 32",0,2080,134283456,"  ----X--- -------X -------- XX------"
"325",803," 2017/12/14"," 05:32:33",43.280323,-117.187912,1360.02002,756,40,2.996962," 00(00000001)",23," A8"," 34",0,2560,134283456,"  ----X--- -------X -------- XX------"
"326",804," 2017/12/14"," 05:41:02",43.280334,-117.187973,1352.530029,756,56,5.102085," 00(00000001)",33," A8"," 3C",0,2112,134239425,"  ----X--- -------- -X-X-X-- XX-----X"
"327",805," 2017/12/14"," 05:49:31",43.280308,-117.187981,1356,0,356,3.032776," 00(00000001)",13," A9"," 3C",0,944,134304833,"  ----X--- -------X -X-X-X-- -X-----X"
"328",806," 2017/12/14"," 05:54:30",43.280296,-117.187958,1357.01001,0,179,2.247722," 00(00000001)",16," A8"," 3C",0,976,134304833,"  ----X--- -------X -X-X-X-- -X-----X"
"329",807," 2017/12/14"," 06:01:07",43.280331,-117.187973,1354.409912,0,205,4.012434," 00(00000001)",9," 98"," 3C",0,976,134304833,"  ----X--- -------X -X-X-X-- -X-----X"
"330",808," 2017/12/14"," 06:06:03",43.280312,-117.187965,1363.429932,0,66,2.20897," 00(00000001)",14," 97"," 3C",0,256,134304833,"  ----X--- -------X -X-X-X-- -X-----X"
"331",809," 2017/12/14"," 06:10:57",43.280304,-117.187927,1346.809937,0,9,3.20244," 00(00000001)",12," 97"," 3C",0,864,134304833,"  ----X--- -------X -X-X-X-- -X-----X"
"332",810," 2017/12/14"," 06:16:39",43.280277,-117.187958,1367.199951,0,95,3.86255," 00(00000001)",14," 97"," 3C",0,912,134304833,"  ----X--- -------X -X-X-X-- -X-----X"
"333",811," 2017/12/14"," 06:21:33",43.280296,-117.18795,1358.630005,0,133,2.20897," 00(00000001)",12," 97"," 3C",0,704,134304833,"  ----X--- -------X -X-X-X-- -X-----X"
"334",812," 2017/12/14"," 06:26:26",43.280315,-117.187943,1366.030029,0,191,2.20897," 00(00000001)",13," A7"," 3C",0,1008,134304833,"  ----X--- -------X -X-X-X-- -X-----X"
"335",813," 2017/12/14"," 06:31:27",43.280361,-117.187958,1353.059937,0,202,5.23783," 00(00000001)",21," A6"," 3C",0,992,134304833,"  ----X--- -------X -X-X-X-- -X-----X"
"336",814," 2017/12/14"," 06:36:24",43.280331,-117.187965,1356.640015,0,5,3.449145," 00(00000001)",13," A8"," 3C",0,960,134304833,"  ----X--- -------X -X-X-X-- -X-----X"
"337",815," 2017/12/14"," 06:41:26",43.280296,-117.18792,1353.469971,0,181,5.320302," 00(00000001)",21," B8"," 3C",0,2960,134303745,"  ----X--- -------X -X-X---- -------X"
"338",816," 2017/12/14"," 06:46:27",43.2803,-117.187904,1348.150024,0,288,1.306014," 00(00000001)",20," B8"," 3C",0,1584,134304769,"  ----X--- -------X -X-X-X-- -------X"
"339",817," 2017/12/14"," 06:51:46",43.280437,-117.188316,1456.23999,0,241,36.680381," 00(00000001)",21," A7"," 3C",0,1440,134304769,"  ----X--- -------X -X-X-X-- -------X"
"340",818," 2017/12/14"," 06:57:21",43.280373,-117.187958,1362.98999,0,85,29.909697," 00(00000001)",21," AA"," 3C",0,1264,134304769,"  ----X--- -------X -X-X-X-- -------X"
"341",819," 2017/12/14"," 07:03:16",43.280407,-117.188004,1370.150024,0,339,5.320298," 00(00000001)",21," AA"," 3C",0,2128,134304769,"  ----X--- -------X -X-X-X-- -------X"
"342",820," 2017/12/14"," 07:09:06",43.280304,-117.187965,1363.719971,0,313,11.861737," 00(00000001)",16," B8"," 3C",0,1776,134304769,"  ----X--- -------X -X-X-X-- -------X"
"343",821," 2017/12/14"," 07:14:55",43.280239,-117.187889,1361.380005,0,163,9.494309," 00(00000001)",17," CA"," 3C",0,1376,134304769,"  ----X--- -------X -X-X-X-- -------X"
"344",822," 2017/12/14"," 07:20:22",43.280487,-117.188026,1364.5,0,179,29.728203," 00(00000001)",12," C8"," 3C",0,1120,134304769,"  ----X--- -------X -X-X-X-- -------X"
"345",823," 2017/12/14"," 07:25:50",43.280296,-117.18792,1354.619995,0,351,22.903548," 00(00000001)",17," C8"," 3C",0,2656,134303745,"  ----X--- -------X -X-X---- -------X"
"346",824," 2017/12/14"," 07:30:51",43.280312,-117.18792,1358.189941,0,242,1.6967," 00(00000001)",20," C8"," 3C",0,2336,134303745,"  ----X--- -------X -X-X---- -------X"
"347",825," 2017/12/14"," 07:36:06",43.280319,-117.187935,1360.98999,0,332,1.498481," 00(00000001)",17," CA"," 3C",0,1856,134303745,"  ----X--- -------X -X-X---- -------X"
"348",826," 2017/12/14"," 07:41:23",43.280293,-117.18792,1361.890015,0,333,3.215905," 00(00000001)",20," CB"," 3C",0,1488,134303745,"  ----X--- -------X -X-X---- -------X"
"349",827," 2017/12/14"," 07:46:50",43.280418,-117.188026,1367.449951,0,170,16.45294," 00(00000001)",14," C9"," 3C",0,1584,134303745,"  ----X--- -------X -X-X---- -------X"
"350",828," 2017/12/14"," 07:51:39",43.280365,-117.187973,1361.959961,0,158,7.345444," 00(00000001)",9," C7"," 3C",0,1072,134303745,"  ----X--- -------X -X-X---- -------X"
"351",829," 2017/12/14"," 07:56:27",43.280376,-117.187958,1361.130005,0,0,1.773433," 00(00000001)",8," CB"," 3C",0,1024,134303745,"  ----X--- -------X -X-X---- -------X"
"352",830," 2017/12/14"," 08:02:56",43.280289,-117.187866,1358.179932,0,337,12.251813," 00(00000001)",109," C9"," 3C",0,2048,344070,"  -------- -----X-X -X------ -----XX-"
"353",831," 2017/12/14"," 08:13:35",43.280346,-117.187973,1358.949951,0,127,10.735206," 00(00000001)",11," C9"," 3C",0,1552,344070,"  -------- -----X-X -X------ -----XX-"
"354",832," 2017/12/14"," 08:18:48",43.28035,-117.187904,1358.77002,180,289,5.574611," 00(00000001)",35," B7"," 34",0,2864,142934022,"  ----X--- X----X-X -------- -----XX-"
"355",833," 2017/12/14"," 08:27:38",43.280338,-117.187988,1353.199951,0,2,6.911812," 00(00000001)",21," A8"," 3C",0,1456,142934022,"  ----X--- X----X-X -------- -----XX-"
"356",834," 2017/12/14"," 08:37:22",43.280235,-117.187958,1361.26001,0,351,11.716138," 00(00000001)",21," 98"," 3C",0,976,142934022,"  ----X--- X----X-X -------- -----XX-"
"357",835," 2017/12/14"," 08:45:04",43.280331,-117.187881,1378.919922,0,86,12.271777," 00(00000001)",21," A8"," 3C",0,928,142934022,"  ----X--- X----X-X -------- -----XX-"
"358",836," 2017/12/14"," 08:53:04",43.28035,-117.187996,1355.569946,0,108,9.503755," 00(00000001)",21," A7"," 3C",0,1600,142934022,"  ----X--- X----X-X -------- -----XX-"
"359",837," 2017/12/14"," 09:00:43",43.280445,-117.188141,1354.27002,0,328,15.816167," 00(00000001)",18," A7"," 3C",0,784,142934022,"  ----X--- X----X-X -------- -----XX-"
"360",838," 2017/12/14"," 09:08:44",43.280312,-117.188004,1338.829956,0,326,18.547041," 00(00000001)",23," A8"," 3C",0,1440,8716294,"  -------- X----X-X -------- -----XX-"
"361",839," 2017/12/14"," 09:15:15",43.280247,-117.187927,1342.809937,0,188,9.494309," 00(00000001)",21," A7"," 3C",0,1232,8716294,"  -------- X----X-X -------- -----XX-"
"362",840," 2017/12/14"," 09:22:04",43.280277,-117.187958,1334.23999,0,157,4.1974," 00(00000001)",19," 98"," 3C",0,1776,8716294,"  -------- X----X-X -------- -----XX-"
"363",841," 2017/12/14"," 09:28:33",43.280373,-117.187965,1356.059937,0,322,10.622344," 00(00000001)",36," A7"," 44",0,2416,25495586,"  -------X X----X-X ----X--- --X---X-"
"364",842," 2017/12/14"," 09:35:58",43.280331,-117.188011,1356.23999,0,91,5.958403," 00(00000001)",18," A6"," 3C",0,1024,25495586,"  -------X X----X-X ----X--- --X---X-"
"365",843," 2017/12/14"," 09:43:05",43.280354,-117.18795,1353.789917,0,6,5.557808," 00(00000001)",20," B6"," 3C",0,1056,25495586,"  -------X X----X-X ----X--- --X---X-"
"366",844," 2017/12/14"," 09:49:37",43.280361,-117.187958,1353.75,0,295,1.049349," 00(00000001)",21," B9"," 3C",0,1296,25495586,"  -------X X----X-X ----X--- --X---X-"
"367",845," 2017/12/14"," 09:56:25",43.280312,-117.18795,1347.609985,0,265,5.548753," 00(00000001)",18," A8"," 3C",0,1376,25495586,"  -------X X----X-X ----X--- --X---X-"
"368",846," 2017/12/14"," 10:02:39",43.280361,-117.187958,1360.819946,0,190,5.548753," 00(00000001)",20," A8"," 3C",0,928,25495586,"  -------X X----X-X ----X--- --X---X-"
"369",847," 2017/12/14"," 10:08:47",43.280327,-117.187927,1362.630005,0,181,4.547182," 00(00000001)",14," A9"," 3C",0,1296,25495586,"  -------X X----X-X ----X--- --X---X-"
"370",848," 2017/12/14"," 10:13:48",43.280365,-117.188026,1350.27002,0,119,9.080486," 00(00000001)",18," A9"," 3C",0,1584,25495586,"  -------X X----X-X ----X--- --X---X-"
"371",849," 2017/12/14"," 10:19:27",43.280357,-117.187965,1354.97998,216,137,5.013145," 00(00000001)",21," A9"," 3C",0,1424,25495586,"  -------X X----X-X ----X--- --X---X-"
"372",850," 2017/12/14"," 10:24:57",43.280373,-117.187988,1344.409912,0,291,2.512313," 00(00000001)",10," B9"," 3C",0,928,25495586,"  -------X X----X-X ----X--- --X---X-"
"373",851," 2017/12/14"," 10:30:02",43.280354,-117.188019,1365.429932,0,123,3.255932," 00(00000001)",21," B9"," 3C",0,1904,25430050,"  -------X X----X-- ----X--- --X---X-"
"374",852," 2017/12/14"," 10:35:25",43.280331,-117.188019,1357.709961,0,138,2.54505," 00(00000001)",21," B7"," 3C",0,3184,8652834,"  -------- X----X-- ----X--- --X---X-"
"375",853," 2017/12/14"," 10:41:01",43.280354,-117.188034,1364.799927,0,110,2.828962," 00(00000001)",18," B9"," 3C",0,896,25430050,"  -------X X----X-- ----X--- --X---X-"
"376",854," 2017/12/14"," 10:46:41",43.280342,-117.187927,1373.909912,0,84,8.739616," 00(00000001)",21," 98"," 3C",0,1120,25430050,"  -------X X----X-- ----X--- --X---X-"
"377",855," 2017/12/14"," 10:52:20",43.280357,-117.187935,1363.069946,0,55,1.80561," 00(00000001)",20," 98"," 3C",0,1536,25430050,"  -------X X----X-- ----X--- --X---X-"
"378",856," 2017/12/14"," 10:58:07",43.280331,-117.18792,1367.589966,0,100,3.215905," 00(00000001)",11," 97"," 3C",0,896,25430050,"  -------X X----X-- ----X--- --X---X-"
"379",857," 2017/12/14"," 11:03:11",43.280357,-117.187935,1356.02002,0,57,3.215905," 00(00000001)",20," 98"," 3C",0,944,25430050,"  -------X X----X-- ----X--- --X---X-"
"380",858," 2017/12/14"," 11:08:31",43.280369,-117.187859,1366.98999,0,189,6.305788," 00(00000001)",21," 97"," 3C",0,1104,17041442,"  -------X -----X-- ----X--- --X---X-"
"381",859," 2017/12/14"," 11:14:26",43.28038,-117.187981,1363.039917,0,72,9.963282," 00(00000001)",21," 98"," 3C",0,1984,17041442,"  -------X -----X-- ----X--- --X---X-"
"382",860," 2017/12/14"," 11:20:22",43.280388,-117.188034,1346.839966,0,274,4.405686," 00(00000001)",20," 98"," 3C",0,1392,17041442,"  -------X -----X-- ----X--- --X---X-"
"383",861," 2017/12/14"," 11:26:19",43.280331,-117.18795,1356.75,108,147,9.307889," 00(00000001)",22," A8"," 32",0,2352,16779298,"  -------X -------- ----X--- --X---X-"
"384",862," 2017/12/14"," 11:32:33",43.280388,-117.188004,1356.02002,792,132,7.692423," 00(00000001)",23," B8"," 34",0,2416,16779298,"  -------X -------- ----X--- --X---X-"
"385",863," 2017/12/14"," 11:38:46",43.28035,-117.188049,1338.589966,396,281,5.632419," 00(00000001)",23," A7"," 34",0,2304,16779298,"  -------X -------- ----X--- --X---X-"
"386",864," 2017/12/14"," 11:45:32",43.280342,-117.187912,1354.76001,396,87,11.149222," 00(00000001)",39," A8"," 38",0,2720,16779314,"  -------X -------- ----X--- --XX--X-"
"387",865," 2017/12/14"," 11:53:29",43.280262,-117.187912,1353.030029,0,76,8.907675," 00(00000001)",20," A8"," 3C",0,1520,16779314,"  -------X -------- ----X--- --XX--X-"
"388",866," 2017/12/14"," 12:03:03",43.280346,-117.187943,1356.400024,0,29,9.653311," 00(00000001)",26," B9"," 3C",0,1808,1360003122,"  -X-X---X ---X---- -------- --XX--X-"
"389",867," 2017/12/14"," 12:10:12",43.280331,-117.187935,1353.839966,0,149,1.80561," 00(00000001)",9," A8"," 3C",0,1200,1360003122,"  -X-X---X ---X---- -------- --XX--X-"
"390",868," 2017/12/14"," 12:15:04",43.280327,-117.187927,1355.409912,0,119,0.74924," 00(00000001)",12," B8"," 3C",0,1136,1360003122,"  -X-X---X ---X---- -------- --XX--X-"
"391",869," 2017/12/14"," 12:19:53",43.280369,-117.187935,1351.390015,0,171,4.706622," 00(00000001)",9," B7"," 3C",0,1248,1360003122,"  -X-X---X ---X---- -------- --XX--X-"
"392",870," 2017/12/14"," 12:24:48",43.280361,-117.187836,1345.809937,0,295,8.073564," 00(00000001)",14," A8"," 3C",0,976,1360003090,"  -X-X---X ---X---- -------- ---X--X-"
"393",871," 2017/12/14"," 12:29:38",43.280373,-117.187988,1361.02002,0,358,12.417482," 00(00000001)",11," A6"," 3C",0,912,1360003090,"  -X-X---X ---X---- -------- ---X--X-"
"394",872," 2017/12/14"," 12:34:29",43.280357,-117.187881,1352.189941,0,27,8.811374," 00(00000001)",12," A6"," 3C",0,1328,1360003090,"  -X-X---X ---X---- -------- ---X--X-"
"395",873," 2017/12/14"," 12:43:05",43.280319,-117.187981,1357.150024,0,330,9.080487," 00(00000001)",17," 98"," 3C",0,1152,1360003090,"  -X-X---X ---X---- -------- ---X--X-"
"396",874," 2017/12/14"," 12:47:59",43.280365,-117.187973,1358.339966,0,307,5.127431," 00(00000001)",14," A8"," 3C",0,1008,1360003090,"  -X-X---X ---X---- -------- ---X--X-"
"397",875," 2017/12/14"," 12:53:01",43.280331,-117.18792,1361.369995,0,184,5.767519," 00(00000001)",21," B8"," 3C",0,1248,286263314,"  ---X---X ---X---- ----X--- ---X--X-"
"398",876," 2017/12/14"," 12:58:00",43.280319,-117.187958,1364.26001,0,127,3.339946," 00(00000001)",16," B7"," 3C",0,512,286267410,"  ---X---X ---X---- ---XX--- ---X--X-"
"399",877," 2017/12/14"," 13:03:03",43.280312,-117.187935,1375.869995,0,18,2.0378," 00(00000001)",21," B5"," 3C",0,1808,286263314,"  ---X---X ---X---- ----X--- ---X--X-"
"400",878," 2017/12/14"," 13:10:02",43.2803,-117.187943,1357.280029,0,350,1.414481," 00(00000001)",21," B9"," 3C",0,992,286267410,"  ---X---X ---X---- ---XX--- ---X--X-"
"401",879," 2017/12/14"," 13:15:40",43.280319,-117.18795,1361.309937,0,273,2.20897," 00(00000001)",18," B9"," 3C",0,832,286267410,"  ---X---X ---X---- ---XX--- ---X--X-"
"402",880," 2017/12/14"," 13:21:17",43.280323,-117.187935,1369.369995,0,51,1.306014," 00(00000001)",18," CA"," 3C",0,1056,286267410,"  ---X---X ---X---- ---XX--- ---X--X-"
"403",881," 2017/12/14"," 13:26:57",43.280357,-117.187996,1349.419922,0,113,6.243863," 00(00000001)",21," CB"," 3C",0,992,286267410,"  ---X---X ---X---- ---XX--- ---X--X-"
"404",882," 2017/12/14"," 13:32:53",43.280411,-117.188087,1334.51001,0,312,9.496946," 00(00000001)",18," CA"," 3C",0,928,286267410,"  ---X---X ---X---- ---XX--- ---X--X-"
"405",883," 2017/12/14"," 13:38:50",43.280384,-117.187996,1357.119995,0,140,7.983926," 00(00000001)",20," CA"," 3C",0,1024,286265362,"  ---X---X ---X---- ---X---- ---X--X-"
"406",884," 2017/12/14"," 13:44:49",43.280357,-117.187965,1365.880005,0,0,3.862548," 00(00000001)",21," C9"," 3C",0,944,286265362,"  ---X---X ---X---- ---X---- ---X--X-"
"407",885," 2017/12/14"," 13:50:55",43.280342,-117.187927,1368.140015,0,355,3.523451," 00(00000001)",10," B6"," 3C",0,848,286265346,"  ---X---X ---X---- ---X---- ------X-"
"408",886," 2017/12/14"," 13:55:58",43.280354,-117.187927,1357.72998,0,309,1.272525," 00(00000001)",18," BB"," 3C",0,976,286265362,"  ---X---X ---X---- ---X---- ---X--X-"
"409",887," 2017/12/14"," 14:01:02",43.280453,-117.188057,1339.059937,0,8,15.227077," 00(00000001)",20," BA"," 3C",0,1008,286265360,"  ---X---X ---X---- ---X---- ---X----"
"410",888," 2017/12/14"," 14:06:39",43.280376,-117.187958,1351.679932,0,57,11.680428," 00(00000001)",17," B9"," 3C",0,720,286265360,"  ---X---X ---X---- ---X---- ---X----"
"411",889," 2017/12/14"," 14:11:52",43.280342,-117.18795,1357.689941,0,70,3.86721," 00(00000001)",11," CA"," 3C",0,1264,286265360,"  ---X---X ---X---- ---X---- ---X----"
"412",890," 2017/12/14"," 14:16:58",43.280331,-117.187943,1353.309937,1620,130,1.414481," 00(00000001)",18," B7"," 3C",0,1248,286261264,"  ---X---X ---X---- -------- ---X----"
"413",891," 2017/12/14"," 14:22:03",43.280376,-117.18792,1362.02002,0,267,5.41683," 00(00000001)",20," B7"," 3C",0,1072,286265360,"  ---X---X ---X---- ---X---- ---X----"
"414",892," 2017/12/14"," 14:27:21",43.280346,-117.18792,1361.23999,0,163,3.3934," 00(00000001)",19," B7"," 3C",0,816,286265360,"  ---X---X ---X---- ---X---- ---X----"
"415",893," 2017/12/14"," 14:32:55",43.280346,-117.187965,1350.469971,288,143,3.705633," 00(00000001)",35," B8"," 32",0,1248,302043664,"  ---X--X- -------- XX-X--X- ---X----"
"416",894," 2017/12/14"," 14:39:44",43.280369,-117.187912,1351.669922,0,182,5.016739," 00(00000001)",21," C8"," 3C",0,704,302043664,"  ---X--X- -------- XX-X--X- ---X----"
"417",895," 2017/12/14"," 14:46:59",43.280315,-117.187927,1347.719971,0,25,6.065553," 00(00000001)",16," C7"," 3C",0,512,302043664,"  ---X--X- -------- XX-X--X- ---X----"
"418",896," 2017/12/14"," 14:53:11",43.280357,-117.187721,1343.919922,0,78,17.315837," 00(00000001)",21," B9"," 3C",0,608,302043664,"  ---X--X- -------- XX-X--X- ---X----"
"419",897," 2017/12/14"," 14:59:21",43.28022,-117.187607,1350.209961,0,11,17.860723," 00(00000001)",20," B9"," 3C",0,960,302043664,"  ---X--X- -------- XX-X--X- ---X----"
"420",898," 2017/12/14"," 15:05:30",43.280144,-117.187492,1352.709961,0,323,12.561587," 00(00000001)",20," B9"," 3C",0,976,302043664,"  ---X--X- -------- XX-X--X- ---X----"
"421",899," 2017/12/14"," 15:11:39",43.279999,-117.187614,1351.069946,2556,205,18.9066," 00(00000001)",20," BA"," 3C",0,592,302043664,"  ---X--X- -------- XX-X--X- ---X----"
"422",900," 2017/12/14"," 15:17:49",43.279572,-117.187904,1332.709961,216,171,52.988456," 00(00000001)",21," C9"," 3C",0,688,302043648,"  ---X--X- -------- XX-X--X- --------"
"423",901," 2017/12/14"," 15:24:16",43.279457,-117.188065,1353.459961,0,359,18.170033," 00(00000001)",21," C8"," 3C",0,624,302043648,"  ---X--X- -------- XX-X--X- --------"
"424",902," 2017/12/14"," 15:30:25",43.279274,-117.188026,1368,0,245,20.593253," 00(00000001)",21," B8"," 3C",0,976,302043648,"  ---X--X- -------- XX-X--X- --------"
"425",903," 2017/12/14"," 15:36:32",43.278603,-117.188828,1338.400024,2052,236,98.888178," 00(00000001)",20," B8"," 3C",0,560,302043648,"  ---X--X- -------- XX-X--X- --------"
"426",904," 2017/12/14"," 15:42:38",43.27763,-117.187462,1368.640015,2448,97,154.667679," 00(00000001)",20," B8"," 3C",0,560,302043648,"  ---X--X- -------- XX-X--X- --------"
"427",905," 2017/12/14"," 15:48:37",43.276169,-117.186768,1390.150024,4176,191,171.906856," 00(00000001)",12," B8"," 3C",0,608,302043648,"  ---X--X- -------- XX-X--X- --------"
"428",906," 2017/12/14"," 15:53:34",43.27615,-117.186775,1384.289917,0,276,2.208982," 00(00000001)",20," B9"," 3C",0,672,302043648,"  ---X--X- -------- XX-X--X- --------"
"429",907," 2017/12/14"," 15:59:06",43.276142,-117.186844,1386.199951,0,307,5.623196," 00(00000001)",20," B8"," 3C",0,624,302043648,"  ---X--X- -------- XX-X--X- --------"
"430",908," 2017/12/14"," 16:05:25",43.275974,-117.18679,1406.059937,1080,175,19.157941," 00(00000001)",48," C8"," 32",0,4464,33604096,"  ------X- -------- XX----X- --------"
"431",909," 2017/12/14"," 16:13:18",43.276077,-117.186218,1401.919922,0,0,47.71845," 00(00000001)",17," CA"," 3C",0,1408,41992704,"  ------X- X------- XX----X- --------"
"432",910," 2017/12/14"," 16:20:59",43.276146,-117.186211,1396.349976,936,356,7.660091," 00(00000001)",25," C8"," 36",0,2448,8438272,"  -------- X------- XX----X- --------"
"433",911," 2017/12/14"," 16:27:58",43.276138,-117.186272,1386.380005,0,21,5.013483," 00(00000001)",12," B9"," 3C",0,800,75547264,"  -----X-- X------- XX----X- X-------"
"434",912," 2017/12/14"," 16:32:52",43.276176,-117.186234,1390.599976,0,13,5.246872," 00(00000001)",11," B7"," 3C",0,928,75547264,"  -----X-- X------- XX----X- X-------"
"435",913," 2017/12/14"," 16:42:42",43.27615,-117.186279,1384.51001,0,18,4.748674," 00(00000001)",8," B7"," 3C",0,1120,75547264,"  -----X-- X------- XX----X- X-------"
"436",914," 2017/12/14"," 16:47:37",43.276169,-117.186249,1388.319946,0,33,3.256061," 00(00000001)",9," B6"," 3C",0,784,75547264,"  -----X-- X------- XX----X- X-------"
"437",915," 2017/12/14"," 16:54:48",43.276165,-117.186241,1389.630005,0,279,0.749275," 00(00000001)",16," B6"," 3C",0,1040,75547264,"  -----X-- X------- XX----X- X-------"
"438",916," 2017/12/14"," 16:59:48",43.276405,-117.186363,1387.530029,2736,341,28.491767," 00(00000001)",14," B8"," 3C",0,1680,75547264,"  -----X-- X------- XX----X- X-------"
"439",917," 2017/12/14"," 17:04:55",43.277122,-117.187431,1377.319946,0,354,117.627744," 00(00000001)",21," B8"," 3C",0,1776,75514496,"  -----X-- X------- -X----X- X-------"
"440",918," 2017/12/14"," 17:10:02",43.277473,-117.187996,1364.5,612,326,60.098555," 00(00000001)",20," B8"," 3C",0,1232,75514496,"  -----X-- X------- -X----X- X-------"
"441",919," 2017/12/14"," 17:15:08",43.278824,-117.188446,1337.949951,0,357,154.516293," 00(00000001)",21," B5"," 3C",0,2176,75514496,"  -----X-- X------- -X----X- X-------"
"442",920," 2017/12/14"," 17:20:29",43.278847,-117.188843,1341.890015,0,91,32.216968," 00(00000001)",17," A7"," 3C",0,1680,75514496,"  -----X-- X------- -X----X- X-------"
"443",921," 2017/12/14"," 17:25:54",43.278702,-117.188934,1334.699951,0,312,17.740929," 00(00000001)",21," A7"," 3C",0,1424,75514496,"  -----X-- X------- -X----X- X-------"
"444",922," 2017/12/14"," 17:31:35",43.27877,-117.188889,1329.030029,0,179,8.486928," 00(00000001)",19," A7"," 3C",0,3136,75514496,"  -----X-- X------- -X----X- X-------"
"445",923," 2017/12/14"," 17:37:37",43.278748,-117.188843,1353.359985,3528,284,4.495521," 00(00000001)",23," A6"," 3C",0,2320,75514496,"  -----X-- X------- -X----X- X-------"
"446",924," 2017/12/14"," 17:43:49",43.27874,-117.18895,1332.25,0,11,8.688222," 00(00000001)",14," A8"," 3C",0,1312,75514496,"  -----X-- X------- -X----X- X-------"
"447",925," 2017/12/14"," 17:48:56",43.27874,-117.189117,1338.780029,0,339,13.58768," 00(00000001)",19," B7"," 3C",0,1504,75514496,"  -----X-- X------- -X----X- X-------"
"448",926," 2017/12/14"," 17:54:43",43.278492,-117.189285,1349.51001,0,172,30.737704," 00(00000001)",21," B7"," 3C",0,2048,75498112,"  -----X-- X------- ------X- X-------"
"449",927," 2017/12/14"," 18:00:58",43.278572,-117.189377,1341.559937,396,34,11.587787," 00(00000001)",31," B7"," 3A",0,2336,75498112,"  -----X-- X------- ------X- X-------"
"450",928," 2017/12/14"," 18:08:02",43.278591,-117.189316,1342.859985,972,36,5.376939," 00(00000001)",24," A5"," 34",0,2144,75498112,"  -----X-- X------- ------X- X-------"
"451",929," 2017/12/14"," 18:15:23",43.278606,-117.189247,1346.099976,180,176,5.811792," 00(00000001)",25," A6"," 36",0,2592,75498112,"  -----X-- X------- ------X- X-------"
"452",930," 2017/12/14"," 18:22:52",43.278622,-117.18914,1346.02002,504,162,8.811618," 00(00000001)",31," B6"," 3A",0,2880,75498112,"  -----X-- X------- ------X- X-------"
"453",931," 2017/12/14"," 18:30:50",43.278622,-117.189293,1345.949951,612,146,12.352461," 00(00000001)",25," B8"," 36",0,2544,75498112,"  -----X-- X------- ------X- X-------"
"454",932," 2017/12/14"," 18:38:57",43.278645,-117.189346,1339.609985,756,312,5.016844," 00(00000001)",31," B8"," 32",0,3152,75498112,"  -----X-- X------- ------X- X-------"
"455",933," 2017/12/14"," 18:47:13",43.278511,-117.189461,1339.969971,504,130,17.499589," 00(00000001)",24," B7"," 36",0,2528,75498112,"  -----X-- X------- ------X- X-------"
"456",934," 2017/12/14"," 18:55:45",43.278419,-117.189781,1343.150024,1116,305,27.866328," 00(00000001)",23," B7"," 32",0,2816,75498112,"  -----X-- X------- ------X- X-------"
"457",935," 2017/12/14"," 19:03:41",43.278679,-117.190186,1352.119995,468,351,43.628995," 00(00000001)",23," B9"," 32",0,1632,75498112,"  -----X-- X------- ------X- X-------"
"458",936," 2017/12/14"," 19:11:18",43.278641,-117.190521,1367.419922,360,133,27.504447," 00(00000001)",22," B9"," 32",0,2208,75498112,"  -----X-- X------- ------X- X-------"
"459",937," 2017/12/14"," 19:18:55",43.278793,-117.190765,1355.939941,720,134,26.047861," 00(00000001)",22," B9"," 32",0,2192,75498112,"  -----X-- X------- ------X- X-------"
"460",938," 2017/12/14"," 19:26:26",43.278854,-117.190659,1364.789917,756,202,10.992086," 00(00000001)",34," B9"," 3C",0,2928,8390273,"  -------- X------- -----XX- X------X"
"461",939," 2017/12/14"," 19:34:32",43.279034,-117.190948,1357.01001,0,183,30.794039," 00(00000001)",17," B8"," 3C",0,832,8390273,"  -------- X------- -----XX- X------X"
"462",940," 2017/12/14"," 19:42:16",43.278957,-117.191231,1359.929932,504,275,24.3758," 00(00000001)",33," B6"," 32",0,2736,1665,"  -------- -------- -----XX- X------X"
"463",941," 2017/12/14"," 19:50:18",43.279053,-117.191383,1354.059937,756,203,16.279869," 00(00000001)",33," BA"," 32",0,2464,1665,"  -------- -------- -----XX- X------X"
"464",942," 2017/12/14"," 19:59:10",43.27919,-117.191338,1355.98999,288,76,15.713507," 00(00000001)",31," BA"," 32",0,2496,1665,"  -------- -------- -----XX- X------X"
"465",943," 2017/12/14"," 20:08:56",43.279205,-117.191475,1366.890015,648,159,11.24584," 00(00000001)",85," B7"," 3C",0,2176,1073745025,"  -X------ -------- ----XX-- X------X"
"466",944," 2017/12/14"," 20:22:07",43.279411,-117.191612,1366.109985,828,19,25.46074," 00(00000001)",24," B9"," 32",0,2224,1073744897,"  -X------ -------- ----XX-- -------X"
"467",945," 2017/12/14"," 20:34:40",43.279148,-117.191803,1374.869995,864,336,33.091183," 00(00000001)",22," A8"," 32",0,2176,1073744897,"  -X------ -------- ----XX-- -------X"
"468",946," 2017/12/14"," 20:45:00",43.278431,-117.192009,1360.429932,504,153,81.469811," 00(00000001)",34," B7"," 42",0,2608,-1073738751,"  XX------ -------- ----XX-- -------X"
"469",947," 2017/12/14"," 20:55:27",43.278053,-117.192146,1354.599976,0,159,43.439995," 00(00000001)",21," B7"," 3C",0,1376,-1073738751,"  XX------ -------- ----XX-- -------X"
"470",948," 2017/12/14"," 21:04:51",43.277924,-117.192474,1364.449951,612,330,30.221243," 00(00000001)",32," B6"," 34",0,2752,-1073740799,"  XX------ -------- -----X-- -------X"
"471",949," 2017/12/14"," 21:14:41",43.277916,-117.192909,1364.089966,2124,342,35.215139," 00(00000001)",38," B7"," 32",0,3488,-1073740799,"  XX------ -------- -----X-- -------X"
"472",950," 2017/12/14"," 21:25:24",43.277969,-117.19323,1369.699951,936,213,26.611511," 00(00000001)",37," B8"," 3A",0,2352,-1040185855,"  XX----X- -------- -----XX- -------X"
"473",951," 2017/12/14"," 21:36:06",43.277874,-117.194107,1374.049927,0,334,71.814718," 00(00000001)",17," B7"," 3C",0,1792,-1040186367,"  XX----X- -------- -----X-- -------X"
"474",952," 2017/12/14"," 21:44:44",43.278362,-117.194016,1374.47998,0,353,54.797924," 00(00000001)",19," B7"," 3C",0,2448,-1040186367,"  XX----X- -------- -----X-- -------X"
"475",953," 2017/12/14"," 21:52:30",43.278374,-117.193993,1386.579956,0,288,2.247771," 00(00000001)",21," B7"," 3C",0,2880,-1040186367,"  XX----X- -------- -----X-- -------X"
"476",954," 2017/12/14"," 22:00:03",43.278366,-117.193962,1381.909912,0,350,2.612103," 00(00000001)",26," B8"," 3C",0,2448,-1019207676,"  XX----XX -X------ --X----- -----X--"
"477",955," 2017/12/14"," 22:07:25",43.278477,-117.194008,1391.549927,0,303,12.847141," 00(00000001)",11," B7"," 3C",0,1168,-1019207676,"  XX----XX -X------ --X----- -----X--"
"478",956," 2017/12/14"," 22:12:26",43.278294,-117.193939,1376.969971,0,168,21.105549," 00(00000001)",14," B8"," 3C",0,944,-1019207676,"  XX----XX -X------ --X----- -----X--"
"479",957," 2017/12/14"," 22:17:28",43.278339,-117.193954,1375.169922,0,0,5.23784," 00(00000001)",16," B9"," 3C",0,1008,-1019207676,"  XX----XX -X------ --X----- -----X--"
"480",958," 2017/12/14"," 22:23:07",43.278301,-117.19397,1372.819946,0,356,4.417951," 00(00000001)",17," B8"," 3C",0,848,-1019207676,"  XX----XX -X------ --X----- -----X--"
"481",959," 2017/12/14"," 22:28:05",43.278446,-117.193909,1381.390015,0,4,16.858956," 00(00000001)",13," B7"," 3C",0,992,-1019207676,"  XX----XX -X------ --X----- -----X--"
"482",960," 2017/12/14"," 22:33:12",43.278542,-117.19397,1374.369995,0,147,11.698982," 00(00000001)",20," B6"," 3C",0,976,-1035984892,"  XX----X- -X------ --X----- -----X--"
"483",961," 2017/12/14"," 22:38:18",43.278412,-117.193947,1372.839966,0,347,14.540487," 00(00000001)",21," B6"," 3C",0,912,-1035984892,"  XX----X- -X------ --X----- -----X--"
"484",962," 2017/12/14"," 22:44:00",43.278435,-117.193924,1386.98999,0,6,3.148083," 00(00000001)",21," B6"," 3C",0,1376,1111498756,"  -X----X- -X------ --X----- -----X--"
"485",963," 2017/12/14"," 22:49:42",43.278408,-117.193916,1379.630005,0,179,3.03278," 00(00000001)",21," B7"," 3C",0,624,1111498756,"  -X----X- -X------ --X----- -----X--"
"486",964," 2017/12/14"," 22:55:40",43.278614,-117.194046,1366.339966,0,188,25.19725," 00(00000001)",19," A7"," 3C",0,1552,1111498756,"  -X----X- -X------ --X----- -----X--"
"487",965," 2017/12/14"," 23:01:40",43.278351,-117.193916,1383.959961,1008,16,31.094406," 00(00000001)",21," A8"," 3C",0,992,1111498756,"  -X----X- -X------ --X----- -----X--"
"488",966," 2017/12/14"," 23:07:40",43.278332,-117.193352,1381.419922,0,220,45.753498," 00(00000001)",21," A8"," 3C",0,1648,1111498756,"  -X----X- -X------ --X----- -----X--"
"489",967," 2017/12/14"," 23:13:59",43.278145,-117.193047,1387.539917,0,308,32.285281," 00(00000001)",22," B7"," 3C",0,2112,1111498756,"  -X----X- -X------ --X----- -----X--"
"490",968," 2017/12/14"," 23:20:16",43.278355,-117.192741,1388.049927,0,172,33.979582," 00(00000001)",20," B7"," 3C",0,1632,1111498756,"  -X----X- -X------ --X----- -----X--"
"491",969," 2017/12/14"," 23:26:32",43.278416,-117.192719,1375.47998,0,1,7.035183," 00(00000001)",21," B7"," 3C",0,2176,1111498756,"  -X----X- -X------ --X----- -----X--"
"492",970," 2017/12/14"," 23:32:49",43.278538,-117.192764,1374.459961,0,104,14.070365," 00(00000001)",21," B8"," 3C",0,1184,1111498756,"  -X----X- -X------ --X----- -----X--"
"493",971," 2017/12/14"," 23:39:21",43.278744,-117.192482,1368.339966,576,159,32.355457," 00(00000001)",38," B7"," 36",0,2320,1111490820,"  -X----X- -X------ -------X -----X--"
"494",972," 2017/12/14"," 23:47:05",43.279274,-117.191895,1361.359985,0,173,75.749301," 00(00000001)",21," B7"," 3C",0,2112,1111490820,"  -X----X- -X------ -------X -----X--"
"495",973," 2017/12/14"," 23:54:49",43.279491,-117.191391,1370.319946,0,82,47.393722," 00(00000001)",21," A7"," 3C",0,1936,1111490820,"  -X----X- -X------ -------X -----X--"
