"Date","n.x","n.y","nDiff","meanLat.x","meanLat.y","meanLatDiff","sdLat.x","sdLat.y","sdLatDiff","meanLong.x","meanLong.y","meanLongDiff","sdLong.x","sdLong.y","sdLongDiff","meanDist.x","meanDist.y","meanDistDiff","sdDist.x","sdDist.y","sdDistDiff","meanCourse.x","meanCourse.y","meanCourseDiff","sdCourse.x","sdCourse.y","sdCourseDiff","meanRate.x","meanRate.y","meanRateDiff","sdRate.x","sdRate.y","sdRateDiff","meanElev.x","meanElev.y","meanElevDiff","sdElev.x","sdElev.y","sdElevDiff"
2018-03-05,1596,1556,40,32.0560735025063,32.056071566838,1.93566821593549e-06,0.00143210164763103,0.00143308824491601,0.00202599532251779,-109.346208575815,-109.346169698586,-3.88772284054539e-05,0.00605890167994908,0.00640266733452171,0.00881501211365254,59.4957805944931,50.0214662789203,9.4743143155728,103.018751048355,74.9702139055501,127.410345108263,169.237468671679,171.570694087404,-2.3332254157244,104.936735678717,105.038786967581,148.475133482095,4.12080200501253,3.61372660982832,0.50707539518421,6.32379243052356,5.4821958803126,8.36927848589491,1915.8480411235,1943.35989717224,-27.511856048734,117.339153346073,120.377894952941,168.105069826209
2018-03-06,1621,1603,18,32.0560905311536,32.0561091341235,-1.86029699094092e-05,0.00118157160346785,0.00111938570415157,0.00162761660374318,-109.345998337446,-109.345625038054,-0.000373299392364856,0.0058087977545567,0.00570238961335897,0.00813998640391292,59.1755000132881,53.4445508708671,5.73094914242097,135.392240944072,91.0083859248477,163.136707140066,176.475015422579,174.927635683094,1.54737973948446,103.72541576386,102.812240553241,146.045604805359,3.82196175200494,3.5719848336596,0.249976918345331,7.66510121544264,6.62288330889076,10.1299733447904,1923.95739648229,1954.5121646912,-30.5547682089152,122.077545119091,117.95726101521,169.755242771804
2018-03-07,1639,1654,-15,32.0542617156803,32.0538657128174,0.00039600286287822,0.00178845715589661,0.0017820448270543,0.00252473023590814,-109.343405884686,-109.343358266022,-4.76186640128162e-05,0.00407243389552958,0.00293014294613523,0.00501701659537262,54.3377605531806,48.9251551837969,5.41260536938375,99.0955560679734,78.4276385099147,126.375724388281,171.837705918243,173.553204353083,-1.71549843484061,103.023684788775,105.092391057619,147.167558536738,3.55332519829164,3.48583189354314,0.0674933047484969,5.59601939556147,5.57647935218884,7.90016170979358,1940.73970639703,1980.66989117291,-39.9301847758854,112.95417082995,96.6302341610074,148.64739103628
2018-03-08,1706,1672,34,32.0526089865182,32.0522380227273,0.000370963790899737,0.00202304762385402,0.00247121964343803,0.00319368880990233,-109.343476937866,-109.343004155502,-0.000472782363956981,0.00275514712248163,0.00325622516318026,0.00426542354049948,53.0474392362034,55.6097303098086,-2.56229107360521,91.605930285797,90.9822968700402,129.110126664311,174.124853458382,173.480861244019,0.643992214363038,105.535818734221,104.302440216156,148.380618919544,3.79824150058617,3.76908773527257,0.0291537653135925,6.03033945755252,5.54711230526638,8.19362245289301,1924.80004653844,1983.74461722488,-58.9445706864396,69.4589392167377,92.3261526488003,115.536412875093
2018-03-09,1584,1534,50,32.0510273377525,32.0504540169492,0.000573320803368915,0.00288067593298724,0.00261939077727434,0.00389352049884957,-109.342584933081,-109.342782541069,0.000197607988283721,0.00300360958137259,0.00219476947406782,0.00372003811292481,68.9316597353087,59.1009636173403,9.83069611796843,131.614006871083,101.21343255787,166.031339616375,176.107323232323,176.059322033898,0.0480011984249415,106.111414036916,106.424336200625,150.285633127912,4.50145202020202,3.79139484509372,0.710057175108299,7.96031322535947,6.02136286804749,9.98115210957803,1943.13813411829,2012.22750977836,-69.0893756600681,60.2126263409196,65.4081650023961,88.9032531454945
2018-03-10,1587,1540,47,32.0490385639572,32.0490415558442,-2.99188700125796e-06,0.00184149219337778,0.0020937677828243,0.00278836099288889,-109.342701021424,-109.341951257143,-0.000749764281223975,0.00262668934018302,0.00353329993512594,0.00440269296242562,62.3100846969376,58.1252716337662,4.18481306317138,117.281359915822,94.3566694171436,150.526072317059,171.844360428481,170.885064935065,0.959295493416477,106.618175786124,105.891256444306,150.267739715864,4.01632010081916,3.94020237692076,0.0761177238983946,6.60000608111364,6.07443874492109,8.96988775495744,1938.88362822543,1983.3487012987,-44.4650730732697,35.7162893212314,69.4157636558609,78.0653672687463
2018-03-11,1626,1679,-53,32.0496017158672,32.0499030339488,-0.000301318081618263,0.00298352894454054,0.00295056370657723,0.0041961018993206,-109.340548359164,-109.340433682549,-0.000114676614458631,0.00357924875815715,0.00331394925953236,0.00487783572576246,58.945848737551,50.096353019059,8.84949571849208,110.560098852014,90.820326871441,143.079933013692,176.848708487085,176.954734961286,-0.106026474201599,104.723421176671,105.702487332522,148.795197406463,3.64163591635916,3.25806385217477,0.383572064184389,5.81384931394061,5.15115602558615,7.76757698675335,1962.30000633609,2016.66706372841,-54.3670573923152,51.6496931068865,70.0680194326455,87.0472179064279
2018-03-12,1644,1606,38,32.0501024434307,32.049754258406,0.000348185024684255,0.00320938149339383,0.00343563271565228,0.00470145740457138,-109.338385376521,-109.337881011831,-0.000504364690044667,0.00366728159930843,0.00394657292940172,0.00538742909147885,56.5759300395225,54.0711323991283,2.50479764039424,111.828671089154,91.7641661123695,144.659302707654,171.638077858881,175.666251556663,-4.02817369778171,105.194188042911,105.065809700973,148.67629792986,3.73503649635036,3.65663943010996,0.0783970662404023,7.30456222332196,6.70042699747165,9.9122324035925,2000.27334008149,2035.65815691158,-35.3848168300913,65.0325735083796,75.1551803871888,99.3857975575669
2018-03-13,1643,1561,82,32.0486820407791,32.0489405912876,-0.00025855050857615,0.0035984742339757,0.00374127929300016,0.00519097173569832,-109.336760939136,-109.336383636771,-0.000377302364427123,0.0047746995491188,0.00480739404319736,0.00677560279760588,57.3125440602039,48.739377657271,8.57316640293292,122.150806548403,78.7222371463681,145.320370773524,173.825928180158,171.55797565663,2.2679525235279,105.080591470025,105.893339549887,149.182204249428,3.92465003043214,3.23196250499532,0.692687525436816,7.39566451633012,4.90136139981843,8.87238396428685,2001.28823423474,2043.96989109545,-42.6816568607164,63.0275739847335,84.6580057586204,105.543607203031
2018-03-14,1563,1597,-34,32.0513878483685,32.0517854796493,-0.000397631280819155,0.00329901518936042,0.0027765861326001,0.00431195219957016,-109.336780417786,-109.336691724483,-8.86933029136117e-05,0.00548205840163525,0.00580280174663581,0.00798282358753463,53.347845852531,52.0272192479649,1.32062660456609,93.8918510220582,83.9391919358684,125.9423186669,180.632757517594,180.26048841578,0.372269101814794,107.553509901812,108.332807893903,152.655673849276,3.48592450415867,3.44344976110385,0.0424747430548162,5.46424124242078,4.93205344152051,7.36091594201336,2049.00434361044,2085.87977457733,-36.8754309668911,106.438548268666,112.208555702679,154.660675449264
2018-03-15,1612,1491,121,32.0519366166253,32.0519076163649,2.90002604543815e-05,0.00330124905551688,0.00366979284536504,0.00493615486532215,-109.336849650744,-109.337560754527,0.000711103782748523,0.00689064753120933,0.00724441210912362,0.00999812633477784,60.8049821148238,58.3121659845741,2.49281613024971,111.828761295024,102.801186707043,151.900480055712,178.267369727047,175.440643863179,2.82672586386806,106.256712684283,105.168230513705,149.501992293929,3.93126550868486,3.76446261207627,0.166802896608593,6.7814386932324,6.7593316443823,9.57478328886965,2040.457712103,2064.07847082495,-23.6207587219535,117.598489601596,122.742502932425,169.985666403651
2018-03-16,1614,1632,-18,32.0514085452292,32.0515500330882,-0.000141487858989819,0.00423545429295357,0.00404661645645915,0.00585783046983991,-109.33912364684,-109.339991484681,0.000867837841227015,0.00726226867389351,0.00711910317693947,0.0101696694309955,64.9181173847788,51.4845532696078,13.433564115171,192.566980820504,86.2821458779988,211.013390095597,172.029739776952,173.804534313725,-1.77479453677381,105.738886282294,105.295650002892,149.22428080494,3.99275092936803,3.58154209207514,0.41120883729289,7.49760884328727,6.04222941636692,9.62926137805747,1993.43192144742,2021.85723039216,-28.4253089447343,110.834322999238,122.876627909866,165.477831872426
2018-03-17,1627,1572,55,32.0526651573448,32.0529918823155,-0.000326724970719283,0.00301416329355624,0.0026743021630593,0.00402952508610698,-109.341481410572,-109.341313372774,-0.00016803779806196,0.00712818731651147,0.00709748917454519,0.0100590957348094,65.302442927488,57.2154684745547,8.08697445293331,135.869890121688,99.6643513707845,168.50403548829,172.636140135218,172.304707379135,0.331432756083331,105.139883963472,106.181267266155,149.428433432527,4.46429010448679,4.07988632095468,0.384403783532105,8.62072202604579,7.50618926136724,11.43064851519,1970.04070538505,1997.16348600509,-27.1227806200429,114.747563070527,132.447491449064,175.240809236246
2018-03-18,1556,1509,47,32.0541153374036,32.054339353214,-0.000224015810445621,0.00246092454012622,0.00238107395980903,0.00342427551378041,-109.342153701157,-109.342377691849,0.000223990692092002,0.00699647385354253,0.00702311723355108,0.00991336582899604,61.6447071765476,58.8242041703115,2.82050300623609,131.781145807498,104.820434592393,168.385254397394,170.098971722365,171.570576540755,-1.47160481839043,108.050341840886,107.324169118247,152.293642837954,3.99428020565553,3.91941310876353,0.0748670968919964,7.37663466406555,7.32954049391236,10.3988894993165,1962.32666784474,1992.1438038436,-29.8171359988685,128.660080512889,129.080942761489,182.25066831641
2018-03-19,1618,1526,92,32.0546976990111,32.0545964134993,0.000101285511775018,0.00234077557386647,0.00236887839463708,0.00333028754551138,-109.34256796848,-109.342828644168,0.000260675688153356,0.00678237054829788,0.00688338389570106,0.00966341161857525,63.0278379179079,52.0438742837484,10.9839636341596,138.26408909503,97.2553847281503,169.043095664682,174.527812113721,171.023591087811,3.50422102590937,107.590853435665,106.68977289233,151.520623622105,3.91613102595797,3.45935010549972,0.456780920458252,7.65608431738884,6.55485509786597,10.0787773280784,1974.00771283729,1997.39384010485,-23.3861272675563,126.281543069248,133.401163270906,183.692401807971
2018-03-20,1523,1595,-72,32.0538765062377,32.0538468326019,2.96736358009753e-05,0.00235639196103727,0.00237257221277528,0.00334390220833003,-109.343378187787,-109.343382235737,4.04794941744058e-06,0.00681507636500896,0.00626726735577484,0.00925872053631951,60.540616153847,51.5663974087774,8.97421874506959,141.015599808844,91.4237111240022,168.05860390094,170.799737360473,172.620062695925,-1.820325335452,105.547605017971,105.948443221574,149.550558494793,3.71864740643467,3.35189729380276,0.366750112631907,6.73990072403253,5.84151915194973,8.91905868196918,1957.39329074991,1984.59686520376,-27.2035744538537,129.485209865053,125.312627335957,180.193435351118
2018-03-21,1671,1531,140,32.0535473135847,32.0534432717178,0.000104041866848092,0.00269273233889131,0.00282304939574692,0.00390133507145158,-109.344126636146,-109.344466758981,0.000340122835041257,0.00602851581891505,0.00626994722080457,0.00869800213443202,56.3775913117427,52.9928189575441,3.38477235419858,117.233335177804,95.7939220194471,151.393957517397,170.063435068821,172.363814500327,-2.30037943150552,104.566442436195,105.001974321069,148.187568625322,3.75248354278875,3.46151290499612,0.290970637792628,7.264480364489,6.16815805512658,9.52989237919659,1949.26357325474,1958.70542129327,-9.44184803853273,111.479977745043,111.123849369498,157.404877105921
2018-03-22,1549,1577,-28,32.0522100477728,32.0517896182625,0.00042042951022836,0.00275154594630285,0.0024819672602771,0.00370555887494762,-109.343561420271,-109.342717062143,-0.000844358127835676,0.00511046897296566,0.00437410300999818,0.00672678751453618,54.4405114447263,50.6727652517438,3.76774619298246,118.872372251636,93.0035117735805,150.931421801261,174.371852808263,171.974001268231,2.39785154003258,104.671017205732,103.189404774169,146.983247686701,3.45138799225307,3.28775353309675,0.163634459156317,6.86548634752086,5.99582494262749,9.11508746697635,1941.92105392167,1987.35700697527,-45.435953053604,89.0938799955774,101.54593121022,135.0899537272
2018-03-23,1587,1581,6,32.0512254587272,32.0511583472486,6.71114785859572e-05,0.00293145401776804,0.0030968759299565,0.0042642775688072,-109.341500008192,-109.341554293485,5.42852935723204e-05,0.00417488619812242,0.00434832805405843,0.00602807030756814,54.3914308705028,52.1655411562302,2.2258897142726,103.709709803022,88.2214366439884,136.156989504602,174.225582860744,173.585072738773,0.640510121970607,103.726168630919,105.573718343553,148.003135317242,3.57025834908633,3.53546402598109,0.0347943231052379,6.18637685841629,5.86187510853919,8.5224901538494,1949.49514641674,1990.0936116382,-40.5984652214677,64.8204531158458,83.4950242793916,105.702933836104
2018-03-24,1572,1491,81,32.0513225267176,32.0515876706908,-0.00026514397325883,0.00303216710929042,0.00299067352869579,0.00425889252434296,-109.341890490458,-109.341913849765,2.33593072493932e-05,0.00452992419233731,0.00467562651885877,0.00651012262036425,57.9856850013639,50.9349350637156,7.05074993764824,123.508394339382,89.6641395115104,152.623659327877,172.512086513995,176.303152246814,-3.79106573281931,106.133602946097,105.359120529014,149.548941664483,3.84942748091603,3.42510455776805,0.424322923147977,7.51970081666845,6.44269706021323,9.90223438330382,1949.11130234441,1983.27230046948,-34.1609981250751,70.7095366112753,86.7725849988866,111.934445436471
2018-03-25,1523,1504,19,32.052871003283,32.0531386615692,-0.000267658286155381,0.00306298701413192,0.0029998813807486,0.00428732757639336,-109.34105064281,-109.340950637633,-0.000100005177273488,0.00498746641337041,0.00529057661550131,0.00727083366258555,55.8674062028798,45.2444054295213,10.6230007733586,131.875411206669,76.1829731380022,152.298947721491,175.369665134603,172.942819148936,2.4268459856666,104.058057933286,103.341359170795,146.654409876125,3.27774130006566,2.98790634357399,0.289834956491668,5.86545799772222,5.26515308773517,7.88196895200246,1990.32004631821,2020.84906914894,-30.5290228307222,114.212595631886,96.0822056642507,149.252494941559
2018-03-26,1624,1612,12,32.0534539852217,32.0532763405707,0.000177644650953823,0.00296637720731404,0.00316110263942424,0.00433496985376452,-109.341399840517,-109.341494235112,9.43945944271718e-05,0.00587736845716898,0.00576523894554674,0.00823294844393998,58.1351261011878,53.2653733784119,4.8697527227759,124.523048351943,96.7348895826386,157.682048545247,175.598522167488,174.723945409429,0.874576758058396,105.667640157695,107.75979724249,150.923239026462,3.90018472906404,3.69289039446127,0.207294334602766,7.83483578928687,6.98894749327089,10.4990494288192,1993.08262777135,2003.7729528536,-10.6903250822434,120.172844039774,99.6567382956985,156.118474026443
2018-03-27,1542,1588,-46,32.0533124014267,32.0535760875315,-0.000263686104773342,0.00349265290438711,0.00315262947520959,0.0047050714041855,-109.342568409209,-109.342569753778,1.34456951172979e-06,0.00605405235352976,0.00595715910515355,0.00849348541550482,60.278383082799,51.9533961234257,8.32498695937327,146.262941259748,88.7254600344169,171.070322511742,174.947470817121,175.960327455919,-1.01285663879875,108.102400396733,106.473998472601,151.732795803277,3.81290531776913,3.54562449044195,0.267280827327178,7.07866401383413,6.35262361200871,9.51122026748413,1953.16126485779,1990.74874055416,-37.5874756963676,111.304105241258,117.614433001798,161.93133944327
2018-03-28,1706,1604,102,32.0536633780774,32.0534394875312,0.000223890546202199,0.0023541988199711,0.00234295685090644,0.00332140013987517,-109.342610762603,-109.342959817332,0.000349054729099407,0.00516323090549824,0.00509863088025336,0.00725637583346985,58.4403390036612,53.2652928372818,5.1750461663794,126.127189579765,100.682709779196,161.384869178531,174.528135990621,172.129675810474,2.39846018014751,104.920517744047,104.265679371698,147.917703262729,3.95638921453693,3.53494437366126,0.421444840875671,7.53245004820974,6.54624860947872,9.97953779420054,1955.24913076798,1952.3746882793,2.87444248868178,104.609333244906,107.51464903988,150.008374299945
2018-03-29,1476,1562,-86,32.0536334803523,32.0540868079385,-0.00045332758623573,0.00217009267917836,0.00181945767422686,0.00283191251004096,-109.343261547425,-109.343143414853,-0.000118132572723084,0.00522144997627082,0.00513254549893508,0.0073216503025846,58.5931606744024,50.1304162740077,8.46274440039476,121.126921952713,92.4604669953824,152.38329691519,174.016937669377,176.302816901408,-2.28587923203176,103.561842906262,104.107665428769,146.845024795428,3.70948509485095,3.51801796563423,0.191467129216722,8.02136499684807,7.34078872990626,10.8733378311252,1928.66635710772,1963.54737516005,-34.8810180523344,96.3547006692835,114.627164877105,149.74516776454
2018-03-30,1689,1608,81,32.0540001095323,32.0534880497512,0.000512059781023311,0.00193472234232866,0.00254867963180952,0.00319983099671004,-109.342813133215,-109.342931059701,0.000117926486581155,0.00534287513730543,0.00536241016085233,0.0075697924321641,52.6790954949195,48.7842306598259,3.89486483509361,105.649746248197,89.112238609624,138.213096167936,177.080521018354,176.417288557214,0.663232461140126,106.62658812189,107.771546730183,151.604536802601,3.52575488454707,3.3008161258638,0.224938758683271,6.28462115566361,5.89033458914276,8.6135071046738,1950.28982289171,1988.01865671642,-37.7288338247126,107.233705956564,110.642709813093,154.080748076984
2018-03-31,1622,1532,90,32.0522891122071,32.0522578603133,3.12518938301309e-05,0.00321038327437735,0.0031751957006611,0.00451535474862149,-109.343202491369,-109.343188282637,-1.42087316135076e-05,0.00497319389772237,0.00452280524489225,0.00672223361893708,51.0900442783206,46.0314905855091,5.05855369281145,114.069006161404,83.4716444125234,141.347987561129,171.733662145499,171.205613577023,0.528048568475896,106.997958844181,107.133721942954,151.413993983949,3.4193588162762,3.07068210319848,0.348676713077719,6.82126135681259,5.4322045330286,8.72000301528625,1924.20295295788,1931.80483028721,-7.60187732932695,78.6741087384566,65.7830522023557,102.552549177718
2018-04-01,1551,1489,62,32.051854868472,32.0520024499664,-0.00014758149446692,0.00377465914933476,0.00380139816865337,0.00535711486999279,-109.343509649259,-109.343470659503,-3.89897555095331e-05,0.00474871700276869,0.0049889798197001,0.00688768704383114,61.5260064773733,49.4102479825386,12.1157584948347,198.385790271595,85.995282014127,216.222363113473,177.916827852998,179.476158495635,-1.55933064263658,103.830601091838,103.220765744747,146.408060584191,3.70019342359768,3.37293758326144,0.327255840336242,6.6547557548051,6.09555942772831,9.02450103291473,1910.85052911341,1963.1477501679,-52.2972210544872,63.0367192753835,83.5057041020705,104.627102581435
2018-04-02,1576,1546,30,32.0527476852792,32.0525246888745,0.000222996404673381,0.00369000965490182,0.00366173356714151,0.00519850593632435,-109.342878917513,-109.342908629366,2.97118534149377e-05,0.00525665974304428,0.00551516385557151,0.00761902251000381,52.6954194068179,51.8532675245796,0.842151882238333,108.437644669457,95.0828818637896,144.220238541554,174.33692893401,175.206985769728,-0.870056835718174,107.189966631672,106.11198750808,150.829184309317,3.51878172588832,3.40723256142945,0.111549164458875,6.83464861027814,6.46679532204485,9.40913722735502,1937.18546422965,1962.04075032342,-24.8552860937643,76.4551291689887,93.5089440116875,120.7862135611
2018-04-03,1510,1495,15,32.0522122443709,32.0522789050167,-6.66606458565866e-05,0.00395890212663339,0.00374333763911251,0.00544843855876698,-109.34287896755,-109.342937755853,5.87883031784031e-05,0.00561013670686549,0.00555671167964336,0.00789624458590313,63.0972692532099,55.5748852816054,7.52238397160458,137.354484048298,102.326710741666,171.280500989993,179.924503311258,177.07491638796,2.84958692329843,104.769839552734,105.608904465419,148.761419670194,3.90092715231788,3.46035244602849,0.44057470628939,8.00005461802042,6.40404515419184,10.247568893559,1932.43848852709,1971.31036789298,-38.8718793658838,95.0974472724942,101.264177909941,138.917091121003
2018-04-04,1497,1429,68,32.0533210440882,32.0538218740378,-0.000500829949608317,0.00338023870813736,0.00314683344834593,0.00461828696332513,-109.344314171677,-109.344580629111,0.000266457434577205,0.00533189011750881,0.0047338129612674,0.00713007975954346,59.8919628414676,48.8224967872638,11.0694660542038,134.953621761519,84.9595694976911,159.469772921969,172.026052104208,175.525542337299,-3.4994902330904,103.751882864069,104.329278065642,147.136166388613,3.68957915831663,3.12787516284837,0.561703995468262,7.25093380648929,5.84211927635996,9.31162707078124,1927.75003066051,1961.81595521344,-34.0659245529282,94.0601043004396,103.60872513705,139.935953727176
2018-04-05,1432,1395,37,32.0536357318436,32.0538100960573,-0.000174364213769707,0.00257699437045259,0.00259519290646314,0.00365731133581774,-109.345579103352,-109.345733473835,0.000154370483173238,0.00447192774743396,0.00457790480430404,0.00639963672215382,61.1174053554686,47.5503358724014,13.5670694830671,192.8209415325,74.5621040413843,206.735151468147,174.52374301676,173.109677419355,1.41406559740491,104.18883434645,102.68169052524,146.283433004538,3.27451117318436,2.82108401890812,0.45342715427624,6.21578880823748,3.88849293873619,7.33187614756356,1892.24291284672,1931.73691756272,-39.4940047159992,76.7026469075311,95.2176862901916,122.268981451056
2018-04-06,1456,1457,-1,32.0546991414835,32.054662327385,3.68140984789989e-05,0.0024593553907568,0.00234851602970553,0.00340058178549323,-109.345322366758,-109.34527459849,-4.77682681889746e-05,0.00506989796979752,0.00521946497274642,0.0072764469369249,59.1582803285659,49.8201544330817,9.33812589548426,127.630576332324,84.2344815953257,152.921587437989,175.050824175824,176.588194921071,-1.53737074524651,104.601525811383,105.638102012523,148.663673433955,3.66394230769231,3.31321636051208,0.350725947180227,7.09201947165684,6.07431744313266,9.33777664041637,1903.73014227906,1936.4605353466,-32.7303930675437,92.2824442990342,90.916328747673,129.544696374492
2018-04-07,1516,1449,67,32.0552698627968,32.0553104306418,-4.05678449908464e-05,0.00228703177508289,0.00231167177004659,0.00325182113786554,-109.345714740106,-109.34550836922,-0.00020637088537967,0.00489016125886367,0.00470065101223854,0.00678305219473877,57.7950342505679,48.3992811331953,9.39575311737264,131.663045846374,83.1162834293109,155.703160573721,176.293535620053,175.268461007591,1.02507461246134,104.202602783381,104.510238232859,147.582425519843,3.45725593667546,3.15348602482325,0.303769911852209,6.91721868335323,5.76106665552507,9.00209993961042,1907.96684840881,1939.67563837129,-31.7087899624778,94.7463984494342,90.6515075541877,131.128089443055
2018-04-08,1447,1420,27,32.0554428445059,32.0554733183099,-3.04738039815788e-05,0.00269878091068582,0.00252413465074912,0.00369522315144763,-109.345071429164,-109.345020677465,-5.07516989927126e-05,0.00506785152893104,0.00540022349485821,0.00740577699594764,56.2351347338231,53.0200740035211,3.21506073030196,112.697501457981,92.154005575818,145.578458497607,174.3199723566,173.840845070423,0.479127286177317,106.492952165187,106.563112715111,150.653396418369,3.63966827919834,3.38875487427683,0.250913404921514,7.04982774677365,6.21852733058199,9.40054006003777,1920.06912132366,1955.08943661972,-35.0203152960555,93.3040252568804,107.343079633844,142.225798905875
2018-04-09,1397,1380,17,32.0554171331424,32.0553417594203,7.5373722161487e-05,0.00243441585475737,0.0023121759056162,0.00335746004777512,-109.344996027201,-109.345263844203,0.000267817001756043,0.00637051506190711,0.00626167563658,0.00893263924782172,64.89068783166,50.573803284058,14.316884547602,148.14158784624,86.3092594420737,171.450337751328,170.048675733715,171.354347826087,-1.30567209237185,105.190251606255,105.787072950421,149.18409377814,3.75740873299928,3.0533882007836,0.704020532215688,7.26838917822521,4.79163701449227,8.70570310341409,1929.40319867935,1955.93550724638,-26.5323085670282,126.446966598987,121.102505021026,175.084699744018
2018-04-10,1428,1324,104,32.0551149390756,32.0553665294562,-0.000251590380564437,0.00202492341289754,0.00196326666781607,0.00282041323870426,-109.345775153361,-109.345911391239,0.000136237877327972,0.00532511911026242,0.00509665384153682,0.00737107684934393,58.0954224416758,48.0646208814199,10.0308015602558,149.041820425007,71.6685806109323,165.377899618981,180.964985994398,183.078549848943,-2.11356385454485,105.310759973959,105.450435175832,149.030703028151,3.17682072829132,2.84907034604195,0.327750382249366,5.31059965086726,4.16466264761439,6.74884313199129,1906.82731213831,1935.25151057402,-28.4241984357127,107.661714454078,99.8436466531832,146.832552712936
2018-04-11,1302,1325,-23,32.0557085453149,32.0558700641509,-0.00016151883604465,0.00275635932319144,0.00272527358053862,0.00387616212345745,-109.346308914747,-109.346406852075,9.79373289311525e-05,0.00484550075890658,0.00470300149812821,0.00675256252810446,54.5347392384854,49.3023669811321,5.23237225735333,109.186652707606,82.585879803297,136.901981988487,179.521505376344,178.199245283019,1.32226009332524,105.118647134026,104.431641872583,148.17522667265,3.05844854070661,2.88182493292569,0.17662360778092,5.07880571958793,4.39035375920713,6.71338019691297,1899.59401082945,1951.02113207547,-51.4271212460171,89.3294868984319,98.0515363607596,132.641852415603
2018-04-12,1415,1343,72,32.0563671717315,32.0562567617275,0.000110410003976824,0.00203734427720706,0.00195959370955373,0.00282679663407025,-109.34794774629,-109.349389801191,0.00144205490161653,0.00648619449924065,0.00881429616471012,0.0109436070818174,55.951890213612,56.750350351452,-0.798460137839953,120.107045990802,106.777094840047,160.707966445715,177.688339222615,177.057334326136,0.63100489647934,106.096795886165,106.287839182174,150.178676433528,3.40883392226148,3.28720761803026,0.121626304231222,7.15381717158394,6.39665620793355,9.59657807590519,1898.16418482915,1910.55323901713,-12.3890541879739,103.570921324673,111.086739727237,151.878897438941
2018-04-13,1486,1510,-24,32.0555097880215,32.0554004688742,0.000109319147355791,0.00182550077447093,0.00187313253572187,0.00261554555952937,-109.354925765141,-109.356620272185,0.00169450704410679,0.0130503983776297,0.0134446847219186,0.0187369273117721,63.5957405129805,53.2478470331126,10.3478934798679,130.807872529235,89.7369032716898,158.629793306356,175.656796769852,176.85298013245,-1.19618336259839,105.043883618987,105.753484313252,149.057092854223,3.57779273216689,3.39772658308089,0.180066149085997,5.89958208644659,5.19656452181033,7.86189236914748,1849.85388273969,1862.61059602649,-12.7567132867996,160.436817612942,154.513540126687,222.742915775676
2018-04-14,1448,1409,39,32.0552452948895,32.0553294343506,-8.41394611015289e-05,0.0022752807822175,0.00215660326687459,0.00313493864192306,-109.360024082873,-109.358841723918,-0.00118235895524776,0.0140961160076726,0.0136238330727248,0.0196038086629929,59.3950321335373,50.7416949588361,8.65333717470124,118.711067953579,83.1754519843741,144.949899853308,179.486878453039,176.875088715401,2.61178973763768,105.117835452053,103.50810387553,147.52520766985,3.62776243093923,3.30641231915422,0.321350111785005,5.93057531202793,5.18759926681992,7.87927088535136,1809.63413327058,1844.21575585522,-34.5816225846363,172.221315529599,151.113636900376,229.118992621748
2018-04-15,1430,1390,40,32.0549440993007,32.0545671151079,0.000376984192783425,0.00211617201269963,0.00234005763738414,0.00315500455365964,-109.357724742657,-109.358835542446,0.00111079978870521,0.0130665332790963,0.0135839984974433,0.0188483237215481,56.9613249634091,54.5971230964029,2.36420186700622,86.0528319907945,82.0294686392229,118.886179259278,176.651048951049,178.238848920863,-1.58779996981437,105.647342622035,106.345202813202,149.902178651542,3.86874125874126,3.59273069386162,0.276010564879639,6.04525230171319,5.29363733352851,8.0354011480632,1823.50297783266,1838.06330935252,-14.5603315198607,149.713621400845,144.021142828243,207.740843395103
2018-04-16,1461,1473,-12,32.0542894134155,32.0540632111337,0.000226202281730536,0.00307036744134329,0.0037393293768279,0.00483836133554214,-109.359137314168,-109.359958361168,0.000821046999305963,0.0140095127170936,0.0137016566623173,0.0195959649382834,53.1331589852348,49.4955599775967,3.63759900763803,94.6735133447782,85.6347481119717,127.657292048847,178.55099247091,180.213170400543,-1.66217792963278,105.174829828689,105.357172870839,148.868662601736,3.62067077344285,3.32271548743199,0.297955286010859,6.845964501859,5.34779320595144,8.68712392764912,1815.20891586227,1842.19959266802,-26.9906768057522,156.531488706248,152.455622819172,218.505889819419
2018-04-17,1490,1415,75,32.0531964194631,32.0531787992933,1.76201697996703e-05,0.00443946070158413,0.00425692463739464,0.00615062750370784,-109.361847320805,-109.362100546996,0.000253226191105682,0.0139003866187555,0.01406041160175,0.0197715938295703,56.6507136875839,53.0664000268551,3.58431366072877,112.835901245392,93.087499127212,146.277896838923,178.275838926174,177.90035335689,0.375485569284024,104.984899711156,104.727844739626,148.28941510158,3.68469798657718,3.42111520563603,0.263582780941152,6.22961961816566,5.62559441303211,8.39377585398684,1782.86584923268,1813.96395759717,-31.0981083644888,132.956240776821,141.116700032894,193.884720877324
2018-04-18,1564,1608,-44,32.0531410620205,32.0531682344527,-2.71724322757905e-05,0.00440672853189262,0.00431988956179934,0.00617095634241074,-109.362166519821,-109.361198502488,-0.000968017333406124,0.0136093576872871,0.0139484929143778,0.0194878185347403,53.7043665947481,47.0102935223881,6.69407307236002,118.572303630331,81.3196043024062,143.778542321528,173.923273657289,174.193407960199,-0.270134302910009,104.663720692509,105.151133860563,148.361906773139,3.36170076726343,3.32599320142867,0.0357075658347581,5.93432471082315,5.78381761707917,8.28666133018127,1795.34732687892,1813.34017412935,-17.9928472504339,131.812498968275,147.362117268801,197.712236571754
2018-04-19,1577,1530,47,32.0532648072289,32.0530116156863,0.000253191542640252,0.00409258127184098,0.00424011047032255,0.0058930262401556,-109.360940247305,-109.361805077778,0.000864830472764311,0.014206242428731,0.0141583545783431,0.020056827473705,50.4051451457984,47.6199089895425,2.78523615625587,91.9710950590885,77.9131862288484,120.536911005298,178.392517438174,178.862091503268,-0.469574065094235,105.712676963926,106.260892647687,149.888449779036,3.3567533291059,3.04198944686679,0.314763882239105,5.36514712432358,4.55813576870639,7.03998617552607,1797.16408053587,1812.98692810458,-15.8228475687094,152.904630980749,148.369529083983,213.057136317848
2018-04-20,1573,1593,-20,32.0524725867769,32.0528990200879,-0.000426433311027097,0.00471829911302554,0.00465021434890932,0.00662471433427735,-109.363326939606,-109.363028221594,-0.000298718011379151,0.0157671560373017,0.0153350590998115,0.021994709525232,59.8048192805429,55.4838276522285,4.32099162831441,109.351072212644,94.5642760842014,144.568528059824,178.617927527018,180.578782172003,-1.9608546449841,105.536799939659,105.611435713852,149.304358593595,3.87368086458996,3.81796563648991,0.0557152281000417,6.50480300076408,6.43794611952119,9.15202777075154,1775.03875348284,1806.61330822348,-31.5745547406425,143.582377924223,149.931089275448,207.593908344384
2018-04-21,1609,1505,104,32.0528555916718,32.0523756398671,0.000479951804734924,0.00371101879029134,0.00404471241784759,0.00548920385893856,-109.362431747048,-109.362909587375,0.000477840327562262,0.0140144992223772,0.0143362675269944,0.0200483105288092,53.8548589896619,54.4359090186047,-0.581050028942755,98.7973185142679,88.8499676741901,132.872972802276,179.168427594779,174.279069767442,4.88935782733751,104.697412131537,103.364017949095,147.124669289762,3.70174021131137,3.64849764889138,0.0532425624199968,5.91582618552502,6.00213344257747,8.42749104537349,1781.0261593874,1785.7853820598,-4.75922267239866,131.690573746006,125.595511460163,181.979778306525
2018-04-22,1533,1479,54,32.0523575427267,32.0522637187289,9.38239978083288e-05,0.0040888592798576,0.00401000972221437,0.0057270365969436,-109.362752011089,-109.363392868154,0.000640857064794886,0.0152282327591842,0.0153588836774745,0.0216285547549087,63.7167776722427,55.5950422488168,8.1217354234259,130.33737266237,97.0041511267441,162.473493371534,178.778212654925,178.709263015551,0.0689496393739262,103.424675837051,104.303245904862,146.887135850248,4.0307240704501,3.76579504670502,0.264929023745077,7.70375967419011,6.47992390346704,10.0666442726661,1774.34090870032,1798.76335361731,-24.4224449169892,142.216396332098,149.71691640117,206.496146313589
2018-04-23,1587,1570,17,32.0532386962823,32.0539317,-0.000693003717707086,0.0043302917683741,0.00413321515968068,0.00598622538461949,-109.36561615627,-109.364775506369,-0.000840649900268886,0.0177755763206265,0.0176358541747541,0.0250398575475901,58.1977160918072,54.8652790770701,3.33243701473712,108.583016394186,84.7721939489365,137.755567278336,171.822936357908,172.963057324841,-1.14012096693278,103.903307840873,104.412337270091,147.301845047774,3.95765595463138,3.91349185033505,0.0441641042963297,6.20950510463464,6.01583160933713,8.64570318692374,1776.23595891447,1809.87452229299,-33.6385633785196,150.494620581415,165.017642568177,223.337084208384
2018-04-24,1477,1473,4,32.0540177995938,32.0539370644942,8.07350995444267e-05,0.00546274376823827,0.00569179704055461,0.00788911421062544,-109.364529983751,-109.36526695112,0.000736967369320496,0.015896340601281,0.0159496307522615,0.0225185338253941,63.3448743562336,59.0684619769179,4.27641237931573,145.154174363925,96.0361619607219,174.04792081326,180.232904536222,179.448744059742,0.784160476480054,106.61198382649,107.051930143284,151.083522737664,4.04610697359513,4.001195016078,0.0449119575171286,6.69831057630391,6.44594037719009,9.29610197464046,1768.58719349368,1791.14528173795,-22.5580882442734,133.124749736143,152.128884926163,202.151914710666
2018-04-25,1457,1400,57,32.0530557735072,32.0531471685714,-9.13950642242867e-05,0.00478268561426845,0.00492755953542292,0.00686694434665578,-109.367711945093,-109.367485055,-0.000226890092648091,0.0174559977111134,0.017807908907329,0.0249365890959875,69.3319461970165,57.3030024985714,12.028943698445,126.316101840872,84.1784737805764,151.795168013678,176.540150995196,175.182857142857,1.35729385233847,106.508028321602,105.146554139649,149.665486817761,4.55689773507207,3.80044823272979,0.756449502342274,6.64268235209849,5.46277984573065,8.60041815691549,1750.60410838226,1784.535,-33.9308916177351,136.401810529902,154.466460003149,206.071204154631
2018-04-26,1590,1587,3,32.0544205955975,32.0543514139887,6.9181608829183e-05,0.00556713192381159,0.00563804944935053,0.00792341841949823,-109.366229458491,-109.366847099559,0.000617641068345165,0.0151999217322016,0.0150411432977209,0.0213839568922038,56.0364975075943,56.1991992356648,-0.162701728070438,106.097768483743,96.9370899073675,143.713380994739,175.170440251572,176.778827977316,-1.60838772574337,103.261552748738,104.280424413701,146.756107852389,3.69735849056604,3.78318521326444,-0.0858267226984006,6.3896031871826,6.30841138143251,8.97903575263187,1761.7194781995,1782.77504725898,-21.0555690594822,143.477873954429,149.037844605863,206.877208602698
2018-04-27,1595,1535,60,32.0541061611285,32.0538461498371,0.000260011291395301,0.0064542757719219,0.00664454178414204,0.00926323978212955,-109.370447460188,-109.371165518567,0.000718058378680553,0.0178692921511339,0.0171606439541547,0.024774973317924,72.8917175790527,56.7302476136808,16.1614699653719,173.890928561342,85.5093703298319,193.777984947026,173.596865203762,172.88338762215,0.713477581611926,105.126009661531,104.660754897121,148.34200862531,4.67084639498433,4.05385089177311,0.616995503211219,8.43730120756075,5.87300617462103,10.2800901355116,1741.76176505277,1756.86970684039,-15.1079417876197,131.652566683567,137.053739356344,190.042431540769
2018-04-28,1467,1362,105,32.0526090204499,32.0524600433186,0.000148977131253503,0.00479442974780901,0.00467622479709955,0.00669728564118962,-109.370011140423,-109.370496183554,0.000485043130964868,0.0158134785140905,0.0160080053535886,0.0225016074562712,63.9295502488003,57.9886959574156,5.94085429138471,119.283262259896,91.9346514670872,150.600387767555,175.205180640763,177.622613803231,-2.41743316246706,105.981514130527,106.637919455997,150.345359766448,3.97184730743013,3.60109011677254,0.370757190657588,5.92925938413358,5.39038756996716,8.01326369207907,1728.83953154303,1743.94640234949,-15.1068708064527,116.627598359813,111.823911273612,161.575319376774
2018-04-29,1418,1395,23,32.0515856480959,32.0512246315412,0.000361016554691673,0.00428024393010494,0.00302009677491493,0.00523846090288472,-109.371460196756,-109.37120170681,-0.000258489945949236,0.0145025884222692,0.0137576051216666,0.0199899166989121,71.3168181562116,63.0023921103943,8.3144260458173,131.12900069579,96.1718219944458,162.615602477769,175.605077574048,173.798566308244,1.80651126580423,107.491598672027,106.389900375068,151.239064685302,4.3089562764457,4.03157892068158,0.277377355764115,7.20675682009606,6.17204654346458,9.48849315743518,1706.92495602726,1727.90752688172,-20.9825708544638,91.460700632727,91.9419966822693,129.685737512464
2018-04-30,1363,1364,-1,32.0506526126192,32.0503104868035,0.00034212581570614,0.00346834289540911,0.0035741936554548,0.00498038780887876,-109.371965988995,-109.372321607771,0.000355618776396227,0.00996145860818913,0.00997150795400856,0.0140947376165547,62.2487838692355,55.1032405329912,7.14554333624431,121.386317093724,87.0900584624225,149.396506855302,173.834189288335,172.969208211144,0.864981077190862,106.329947124464,107.803245638396,151.418616509542,3.61320616287601,3.26150469408419,0.351701468791822,6.25399621370364,4.7844800337538,7.87424395319374,1692.34603216864,1716.87023460411,-24.5242024354627,70.1877809143894,77.8614098428633,104.82711353655
2018-05-01,1488,1428,60,32.0509766283602,32.0520264215686,-0.00104979320840926,0.00428145114215251,0.00495368968404229,0.00654750833282601,-109.375420022849,-109.375923345938,0.000503323088906882,0.011749889762542,0.0115149840993402,0.0164515886235934,65.6821551736203,58.5097146946779,7.17244047894243,116.757134169899,91.3537133696451,148.248876305998,176.916666666667,178.044117647059,-1.12745098039215,106.224583705313,106.113121471452,150.145451918405,4.11471774193548,3.69609649870811,0.418621243227378,7.2575118277335,5.43553454921568,9.06733222979113,1678.8820072297,1706.75420168067,-27.872194450968,64.1744746267312,70.6597635841053,95.4524247118879
2018-05-02,1506,1552,-46,32.0532614661355,32.0530032719072,0.00025819422824469,0.00571762409492613,0.00604063902139113,0.00831748429981284,-109.375161287517,-109.374867559923,-0.000293727593927429,0.0116018933113656,0.0121195660992277,0.0167775984825558,59.3490694073918,60.4784545431701,-1.12938513577834,100.748905367345,97.4781792371823,140.186794528281,177.88379814077,176.286726804124,1.59707133664654,105.395804113355,105.964780734027,149.455044346824,3.849203187251,3.88584389405961,-0.036640706808611,6.08955666377654,5.64891534325618,8.30619918594663,1696.50259395371,1717.78608247423,-21.283488520515,63.4777587248659,78.7502191798716,101.148518889849
2018-05-03,1633,1554,79,32.0530138438457,32.0526203577864,0.000393486059323322,0.00597151481900249,0.00546335634742283,0.00809365503419139,-109.375165109614,-109.374919138996,-0.000245970618067304,0.0135771406311402,0.0134554241868818,0.0191151036556615,60.1429685120202,54.1170978732304,6.02587063878984,110.522569046445,89.5562751148956,142.251765124659,176.997550520514,177.485199485199,-0.487648964685093,104.907779267598,104.450810291261,148.03923102124,3.84145744029394,3.58481167817123,0.256645762122704,5.67427995622574,5.40704936467471,7.8379612051639,1702.95014149092,1722.5296010296,-19.5794595386826,89.2383287399832,95.6473424954095,130.812436116523
2018-05-04,1470,1429,41,32.0522177340136,32.0527313757873,-0.00051364177365798,0.00597534336823227,0.00608244708934484,0.00852648174588774,-109.374011473469,-109.374193477957,0.000182004487214726,0.0133208146100403,0.0134818704461688,0.0189527025144792,58.1891495767279,53.7124333358992,4.47671624082867,104.495040603416,86.0287111209142,135.351958418913,175.617006802721,175.923722883135,-0.306716080413992,104.598605117527,105.299774439715,148.421395659747,3.59673469387755,3.4106288262656,0.186105867611948,5.84675553245709,5.02332688510999,7.70833076943293,1707.7944151589,1729.6710986704,-21.8766835114941,94.1123228280146,111.897873282206,146.213075178539
2018-05-05,1592,1620,-28,32.0528291834171,32.0534316067901,-0.000602423373031513,0.00419402254527459,0.00480704466979428,0.00637945950435216,-109.376835627513,-109.378644028395,0.00180840088249568,0.011840639958416,0.0111376348973778,0.0162556964087094,70.9648092844271,62.4651453098765,8.49966397455059,187.390913564427,101.107467990505,212.927392718649,175.368718592965,178.503703703704,-3.13498511073888,105.737963899183,105.500188015306,149.368024291713,4.35427135678392,4.1684282262987,0.185843130485217,6.9531977167509,6.43330287127662,9.47282134961944,1700.40671144445,1688.76604938272,11.6406620617311,99.5060934927406,92.1829502360192,135.643499499248
2018-05-06,1570,1521,49,32.0545394961783,32.0531164306377,0.00142306554060667,0.0044624057534044,0.00340166285951798,0.00561109395018839,-109.382088289172,-109.380876145957,-0.00121214321536911,0.0133162905823039,0.0140598482111576,0.0193649922951998,73.0839212045459,59.6297872965155,13.4541339080304,142.912425793507,100.562957702531,174.748018323716,177.521656050955,173.838264299803,3.68339175115264,104.439197896032,102.708357591243,146.480554259796,4.33019108280255,3.85271150498498,0.477479577817563,6.74928360302272,5.89253329426272,8.95961928756049,1674.55275039188,1688.20578566732,-13.6530352754451,101.90705732233,114.346313167173,153.16699274655
2018-05-07,1589,1548,41,32.0517437375708,32.0539718559432,-0.00222811837235071,0.00206196937629917,0.00456698097161971,0.00501089142807266,-109.38126302769,-109.382384755168,0.00112172747759587,0.0130011021070028,0.0126293895711557,0.0181254003248681,60.3908286344915,64.5024740962532,-4.11164546176172,108.679776482025,106.875573814151,152.425988907032,178.599118942731,180.91149870801,-2.31237976527905,104.655172171257,105.595785243684,148.67136551275,3.86016362492133,4.07203288012422,-0.211869255202886,6.29983148976276,6.53074469162451,9.07405659154648,1673.80959274473,1691.1330749354,-17.3234821906681,103.197317898062,106.914753138338,148.594922053162
2018-05-08,1518,1575,-57,32.0574970461133,32.0576431022222,-0.000146056108917492,0.00517717749658016,0.0048769327742926,0.00711249886580415,-109.38464680303,-109.385469817143,0.000823014112555143,0.0122799678279856,0.0121732000234746,0.0172911656249046,69.827115489892,58.9417434526984,10.8853720371936,122.439908787539,93.6735027522726,154.163083719096,181.550065876153,179.791111111111,1.75895476504172,106.645074190231,105.67641469285,150.13552701268,4.21864295125165,3.82168930981094,0.396953641440706,6.3607130110975,5.50732178620003,8.41363555582832,1675.85434567121,1675.84507936508,0.00926630612616464,93.1296345554808,98.1859870628449,135.327812691784
2018-05-09,1696,1626,70,32.0575722806604,32.0570585904059,0.000513690254479116,0.00419133235512925,0.00422445319780408,0.00595090511868493,-109.386015073113,-109.385803358549,-0.000211714564628096,0.0121117121960653,0.0124637688781268,0.017379272337117,63.4031463739693,66.3324366746617,-2.92929030069241,114.771593302526,108.153550933408,157.701329127899,178.815448113208,177.348708487085,1.46673962612266,104.873350322294,106.387406086038,149.38774977065,4.24298349056604,4.56703078478387,-0.324047294217833,7.01469828556335,7.29925205897284,10.1234911299366,1670.10961417442,1676.74354243542,-6.63392826100221,88.4002193764313,105.25448152621,137.452190477825
2018-05-10,1622,1564,58,32.0561829562269,32.0572267314578,-0.0010437752309258,0.00460756797041901,0.00466540790933311,0.00655711167836107,-109.386251739211,-109.387285042839,0.00103330362802012,0.0128222540393894,0.0118813080511837,0.0174807230873829,61.7876576549242,58.4040458235294,3.38361183139475,106.904846237389,97.5831105072957,144.74498127852,173.505548705302,172.914322250639,0.591226454662717,108.500614627283,108.475466146564,153.425259101012,4.12977805178792,3.75113858034525,0.37863947144267,6.79001570058024,5.71223598149859,8.8732154894634,1670.51316523054,1673.80690537084,-3.29374014030122,98.1324470121266,102.562222068672,141.947125903456
2018-05-11,1601,1561,40,32.0590838538414,32.0583025566944,0.0007812971469221,0.00367444706893074,0.00374621513349556,0.00524744595863596,-109.386506560899,-109.384864921845,-0.00164163905446912,0.0123425787963942,0.0127830320852532,0.0177692194718229,67.861607122341,59.2319516623959,8.62965545994514,136.008277010695,100.143184824039,168.899108588884,170.170518425984,172.732863549007,-2.56234512302328,105.257655447447,104.539790008091,148.350064796849,4.23772642098688,3.75342188235438,0.484304538632502,6.88992749073659,5.65969819652833,8.91646143396548,1675.10593507266,1685.8731582319,-10.7672231592417,98.592864592962,105.371184224887,144.30398266715
2018-05-12,1612,1624,-12,32.0591128312655,32.0596230769704,-0.000510245704937518,0.00421907194366991,0.00434348368871648,0.00605528022638166,-109.386604816377,-109.386283360837,-0.000321455539733506,0.0124423584121999,0.0126277771772313,0.017727747722016,64.9222060991011,61.5393870147783,3.38281908432279,113.648346767133,98.7154237107148,150.534652493333,173.812655086849,175.249384236453,-1.43672914960459,105.899204333569,106.022527510579,149.851319040623,3.9817617866005,4.00963161583966,-0.0278698292391644,6.10617945677697,5.99058341728109,8.55409359533599,1671.27717851618,1679.16995073892,-7.89277222273131,77.6902172373586,95.3425936421533,122.987723032833
2018-05-13,1620,1576,44,32.0576979444444,32.0572400494924,0.000457894952056392,0.0047416958820188,0.00469413728870035,0.00667222636926545,-109.385581241358,-109.386387161802,0.000805920444008734,0.0125479241348631,0.0129314206099557,0.0180186580822731,66.3462902778975,62.583176267132,3.76311401076556,135.711252778328,107.647576615888,173.221086712723,183.516666666667,182.138324873096,1.37834179357023,105.905479989399,106.82939921492,150.427694353154,4.1108024691358,3.81044757463636,0.30035489449944,6.66391928468001,5.73168418577307,8.7897681333566,1677.83290714203,1674.82487309645,3.00803404558405,95.8419312578933,108.739676510476,144.948242606958
2018-05-14,1692,1647,45,32.0576964208038,32.0571287061324,0.000567714671419139,0.00439785539950485,0.00441124591414344,0.00622898247147968,-109.385354932033,-109.385295826351,-5.91056821548364e-05,0.0122851203393986,0.0114152452688052,0.0167699733541972,60.1584151671218,57.9172720315726,2.24114313554919,112.381134443819,89.567725121317,143.70767816052,179.174940898345,178.225865209472,0.949075688873364,106.614534236213,105.634678417705,150.084456872844,3.75685579196217,3.94028924187504,-0.183433449912868,6.06914964825188,6.18287815525441,8.66386517298129,1676.98490245631,1678.68063145112,-1.69572899481113,98.7059461830003,95.6234133903541,137.428894342871
2018-05-15,1651,1562,89,32.0548854300424,32.0540560166453,0.000829413397070766,0.00435000533170482,0.00388659002240842,0.00583336338557311,-109.381907743186,-109.381791223431,-0.00011651975445659,0.0112158063200627,0.0114777702611272,0.0160478509955811,64.1627869510739,60.0558223207426,4.10696463033126,112.709757290803,101.622187939072,151.758223731289,179.531798909752,180.699743918054,-1.1679450083021,103.621932510967,104.140446794157,146.910644800825,4.32992125984252,3.93562477498902,0.3942964848535,7.33032893923819,6.95176733846911,10.102514117072,1678.28766575254,1689.32074263764,-11.0330768851002,81.2316931656182,98.0122307600645,127.298803423745
2018-05-16,1533,1538,-5,32.0533057012394,32.052756553316,0.0005491479234081,0.00330792962759598,0.00306488831529784,0.00450953864673278,-109.384483748206,-109.383648585826,-0.000835162380383281,0.0110414444569698,0.0108562100944848,0.0154845340037065,68.1090811753242,60.0434477925878,8.06563338273643,119.489375975538,99.5493196901268,155.524203974142,178.296803652968,176.267880364109,2.02892328885881,106.113214683694,106.277890467117,150.183235857563,4.08695368558382,3.64652531332067,0.440428372263153,7.07717708035517,5.90299198889806,9.21584232979814,1662.76134417838,1666.82509752926,-4.0637533508766,60.1802905868038,69.6960869461977,92.0826363150192
2018-05-17,1601,1554,47,32.05335441599,32.0544396287001,-0.00108521271012307,0.00328431085322241,0.00372446730416332,0.00496571792195007,-109.381667707058,-109.382156683398,0.000488976339596547,0.00945315406496708,0.00973988422432737,0.0135730419022158,56.4701370091237,57.5781575096525,-1.10802050052884,104.069821138285,101.770536369234,145.560192857238,174.415365396627,171.523166023166,2.89219937346107,105.844044417988,105.642704351172,149.543781954939,3.4787632729544,3.67764241251939,-0.198879139564984,5.91569300416697,6.35696805239851,8.6836896846194,1668.8083451872,1675.42857142857,-6.62022624136966,55.7145446072335,59.752271219787,81.6972728841936
2018-05-18,1599,1578,21,32.0543188430269,32.0542477313055,7.11117214393653e-05,0.00390586081381191,0.00371141597511156,0.00538798266860471,-109.38423545591,-109.38500830038,0.000772844470276368,0.010489004499338,0.0107698109689386,0.0150335639052689,63.5817391053027,56.4244725386565,7.15726656664616,144.332558909191,96.4503186027019,173.593062994573,174.7698561601,174.282002534854,0.487853625245805,104.989126640847,105.087038566217,148.546297117853,3.83408380237649,3.60292809219918,0.231155710177305,6.3439579541195,5.76300422243626,8.57076543789726,1659.45648349864,1669.32256020279,-9.86607670414537,51.8261701808275,62.7730197469627,81.4027267587804
2018-05-19,1627,1603,24,32.0539973103872,32.0545441428571,-0.000546832469922265,0.00378976285304527,0.00406540566133194,0.00555786160978407,-109.386773352797,-109.387808900811,0.0010355480144284,0.0120328981618873,0.0108404867870885,0.01619588811876,65.9902282096841,60.4899682950717,5.50025991461234,135.528763079679,113.03786303906,176.48117209024,176.309772587585,180.472239550842,-4.16246696325766,106.028233941496,106.672160189354,150.402580271137,4.0459741856177,3.99655435017117,0.0494198354465358,7.05801826660513,7.24596144614481,10.1153140895747,1655.05910941656,1657.17779164067,-2.11868222411567,65.0179129032052,59.2764231203403,87.9830855121051
2018-05-20,1666,1658,8,32.0584766086435,32.0586549119421,-0.000178303298639548,0.00391005413269715,0.00396078863579812,0.00556564191608565,-109.388530186074,-109.388677650784,0.000147464709641554,0.00477258538469931,0.00441578524329588,0.00650205587250334,66.8629161274646,55.7758939209891,11.0870222064754,147.360425864521,93.775235107173,174.667941621749,177.199279711885,175.617008443908,1.58227126797641,105.284051189705,104.541519359454,148.370012822333,4.31662665066026,3.71973725992375,0.596889390736514,8.04566880075965,6.15771279609269,10.1316441573261,1652.99206330508,1658.07780458384,-5.08574127875795,22.5110995253332,25.2340996406914,33.8158156269489
2018-05-21,1682,1613,69,32.0596840362663,32.0604666565406,-0.000782620274257795,0.00452397447427539,0.00409362626998241,0.00610115735596005,-109.391009193817,-109.390351980161,-0.000657213655699707,0.00586641061058658,0.0063388685956413,0.00863689924248341,67.1034910415339,65.8223087110973,1.28118233043655,125.559374080694,117.379748575028,171.881243290455,174.574316290131,173.998760074396,0.575556215735276,104.928788663271,105.266658906654,148.630818364534,4.33192627824019,4.06251932506509,0.2694069531751,7.25352877501572,6.38622106993045,9.66423816159374,1648.02519859295,1653.37259764414,-5.34739905119227,22.6198843764793,26.5710231917961,34.8952495716001
2018-05-22,1676,1699,-23,32.0574359695704,32.0559903967039,0.00144557286646574,0.00382826511156771,0.00352685169490711,0.00520521821274725,-109.389328137828,-109.389395064155,6.69263272214948e-05,0.004974101041479,0.00507048003351962,0.00710291833975047,55.3465616469648,53.157544880518,2.18901676644684,100.291307374444,94.1673477807933,137.571202375149,179.457637231504,180.265450264862,-0.807813033358087,104.636142816089,103.954028759666,147.496313441368,3.45310262529833,3.50720103684331,-0.0540984115449783,5.59241564585724,5.5886905917815,7.90623648057,1648.17340524908,1646.27369040612,1.89971484295393,19.8097698827462,20.0466730724269,28.183258932922
2018-05-23,1744,1685,59,32.0558165544725,32.0558369181009,-2.03636284084041e-05,0.00400263440277322,0.00401915580622526,0.00567227428435702,-109.389030707569,-109.389675430267,0.000644722698254441,0.00490841805434773,0.00475887771425169,0.00683662818174633,57.298352209133,52.522026211276,4.77632599785706,108.393766351851,91.9287130934018,142.12704483999,176.555619266055,178.351928783383,-1.79630951732776,104.530067718972,106.567427347179,149.275422051754,3.79621559633028,3.50436011103092,0.291855485299357,6.37644272417235,5.74545970470441,8.58308388826723,1646.18826664932,1647.0706231454,-0.882356496082821,20.2948811573834,25.04495478142,32.2355698134171
2018-05-24,1732,1705,27,32.0554445127021,32.0558533319648,-0.000408819262730731,0.00467126347591546,0.00501855659287453,0.00685613686687381,-109.389359546767,-109.388697292082,-0.000662254684627328,0.006072902255833,0.00603543281539082,0.00856192683208622,55.4878835453712,48.0997279624633,7.38815558290791,124.750545932548,86.1954283705396,151.632287400967,176.377020785219,173.01348973607,3.36353104914903,107.945465202508,107.035064813408,152.015553669341,3.45958429561201,3.24329865312814,0.216285642483864,6.20028655627703,5.60434443078063,8.3577646460505,1646.05670356322,1652.20762463343,-6.15092107021519,20.5044831208785,28.1312995123472,34.8109729870881
2018-05-25,1650,1618,32,32.0565202933333,32.0569526532757,-0.000432359942315941,0.00492422233020846,0.0047439684248408,0.0068376313130506,-109.389602468485,-109.390165150803,0.000562682318602015,0.00487840446799397,0.00410249572028356,0.0063741118038742,56.2058602778061,53.0969650241038,3.10889525370223,133.254153816501,92.7860220993324,162.375846129803,171.702424242424,173.60630407911,-1.90387983668577,106.273372245617,106.262310111419,150.285422442334,3.48478787878788,3.47025014609168,0.0145377326961951,5.97453704399676,5.73860423133563,8.2841216440847,1643.40354521788,1649.38380716934,-5.98026195146008,17.3740583509032,18.9064463643955,25.6770640399239
2018-05-26,1694,1785,-91,32.0579292780401,32.0542021647059,0.00372711333425713,0.0042677336244724,0.00802631289379164,0.0090903932235354,-109.389207244392,-109.386820656022,-0.00238658836956063,0.00512174667989896,0.00736991875502078,0.00897485328619154,67.3493505715272,58.852442519888,8.4969080516392,132.676369449856,114.374481844624,175.170034845064,173.30106257379,170.747338935574,2.55372363821562,105.152358895406,105.659330332178,149.066806055247,4.35926800472255,4.15813821942099,0.201129785301561,7.83083887606239,8.17039992983293,11.3171318149195,1650.06095149413,1646.78823529412,3.27271620000874,23.694169301002,25.1674654844947,34.5660957844212
